Workbook

Sheet Sheet1 (3)
A1: Patente | B1: Plan Asociado | C1: CC | D1: Fecha Plan Prox | E1: Taller Correspondiente
A2: AB320YQ | B2: 2MC | C2: =VLOOKUP(A2,[1]Detalle!$D$2:$CW$484,98,FALSE) -> CCU_MZA - Comp. Cerv. Unidas - MZA | D2: 46067
A3: AB320YQ | B3: 2MC | C3: =VLOOKUP(A3,[1]Detalle!$D$2:$CW$484,98,FALSE) -> CCU_MZA - Comp. Cerv. Unidas - MZA | D3: 46067
A4: AF088ED | B4: 2MC | C4: =VLOOKUP(A4,[1]Detalle!$D$2:$CW$484,98,FALSE) -> CMQ_TTE - QUILMES TTE | D4: 46290
A5: AF088ED | B5: 2MC | C5: =VLOOKUP(A5,[1]Detalle!$D$2:$CW$484,98,FALSE) -> CMQ_TTE - QUILMES TTE | D5: 46290
A6: AF338VO | B6: 2MC | C6: =VLOOKUP(A6,[1]Detalle!$D$2:$CW$484,98,FALSE) -> CMQ_TTE - QUILMES TTE | D6: 46338
A7: AF338VO | B7: 2MC | C7: =VLOOKUP(A7,[1]Detalle!$D$2:$CW$484,98,FALSE) -> CMQ_TTE - QUILMES TTE | D7: 46338
A8: AF364MN | B8: 2MC | C8: =VLOOKUP(A8,[1]Detalle!$D$2:$CW$484,98,FALSE) -> CMQ_TTE - QUILMES TTE | D8: 46387
A9: AF364MN | B9: 2MC | C9: =VLOOKUP(A9,[1]Detalle!$D$2:$CW$484,98,FALSE) -> CMQ_TTE - QUILMES TTE | D9: 46387
A10: AF877NC | B10: 2MC | C10: =VLOOKUP(A10,[1]Detalle!$D$2:$CW$484,98,FALSE) -> CENCO_MZ - Cencosud SA - Mendoza | D10: 46147
A11: AF877NC | B11: 2MC | C11: =VLOOKUP(A11,[1]Detalle!$D$2:$CW$484,98,FALSE) -> CENCO_MZ - Cencosud SA - Mendoza | D11: 46147
A12: AG390QD | B12: 2MC | C12: =VLOOKUP(A12,[1]Detalle!$D$2:$CW$484,98,FALSE) -> CCUDyAZA | D12: 46228
A13: AG390QD | B13: 2MC | C13: =VLOOKUP(A13,[1]Detalle!$D$2:$CW$484,98,FALSE) -> CCUDyAZA | D13: 46228
... A1294: OAF641 | B1294: 2ML 4 | C1294: =VLOOKUP(A1294,[1]Detalle!$D$2:$CW$484,98,FALSE) -> Expreso - Servicios Troncales | D1294: 46179.704

Sheet Hoja2
A3: Etiquetas de fila | B3: Suma de Valor Total
A4: ADA_CH - Danone Arg. S.A. - Chascomus | B4: 4726636.4
A5: AGN_TTE - AGUANORT - Transporte | B5: 142474.88
A6: Alfavinil | B6: 135171.2
A7: Arcor S.A.I.C. | B7: 1763536.4
A8: CCU_MZA - Comp. Cerv. Unidas - MZA | B8: 878758.72
A9: CCUCoAZA | B9: 2426080.6
A10: CCUDyAZA | B10: 3066374.1
A11: CENCO_MZ - Cencosud SA - Mendoza | B11: 1762684.9
A12: CENCO_SJ - Cencosud SA - San Juan | B12: 266258.08
A13: CENCOMLD - Cencosud SA - Mendoza | B13: 2467028.2
A14: CIMSA_BS AS | B14: 303661.48
A15: CIMSA_MZA | B15: 133759.12
... A32: Total general | B32: 45490004

Sheet Sheet1
A1: Patente | B1: Modelo | C1: Plan Asociado | D1: Plan | E1: Tiempo Hs | F1: Descripsion | G1: Ultima Fecha Cambio | H1: Km cambio | I1: Proximo KM | J1: Recorrido | K1: Km Restante | L1: Km Actaul | M1: Días transcurridos | N1: PromedioKmdiarios | O1: DıasRestantesestimados | P1: Fecha Actual | Q1: Frecuencia | R1: Fecha Plan Prox.orig | S1: Fecha Plan Prox | T1: Mes | U1: Estado | V1: Unnamed: 18 | W1: Unnamed: 19 | X1: Código | Y1: Descripción | Z1: Cantidad | AA1: Valor | AB1: Valor Total | AC1: CC | AD1: Km_anual | AE1: Fecha Plan Prox Calculada | AF1: Nro Cambio Año
A2: AB320YQ | B2: B66 - ATEGO 2426 | C2: 2MC | D2: 2MC | E2: 0.75 | F2: Cambio De Aceite Y Filtro De Motor | G2: 45745 | H2: 24484.4 | I2: 44484.4 | J2: 12540.1 | K2: 7459.9 | L2: 37024.5 | M2: 202 | N2: 67.727481 | O2: 120.16649 | P2: 45947 | Q2: 20000 | R2: 46067.166 | S2: 46067 | T2: =TEXT(R2, "mmmm") -> febrero | U2: Activo | X2: C000313 | Y2: ACEITE 15W40 XV300 X 205LT (TAMBOR) | Z2: 16 | AA2: 3389.9 | AB2: 54238.4 | AC2: =VLOOKUP(A2,[1]Detalle!$D$2:$CW$484,98,FALSE) -> CCU_MZA - Comp. Cerv. Unidas - MZA
A3: AB320YQ | B3: B66 - ATEGO 2426 | C3: 2MC | D3: 2MC | E3: 0.75 | F3: Cambio De Aceite Y Filtro De Motor | G3: 45745 | H3: 24484.4 | I3: 44484.4 | J3: 12540.1 | K3: 7459.9 | L3: 37024.5 | M3: 202 | N3: 67.727481 | O3: 120.16649 | P3: 45947 | Q3: 20000 | R3: 46067.166 | S3: 46067 | T3: =TEXT(R3, "mmmm") -> febrero | U3: Activo | X3: C002301 | Y3: FILTRO DE ACEITE 6 CILINDROS MB 1318/1218/1215/914/712/1418/915/815 - MANN HU931/5X | Z3: 1 | AA3: 8513.28 | AB3: 8513.28 | AC3: =VLOOKUP(A3,[1]Detalle!$D$2:$CW$484,98,FALSE) -> CCU_MZA - Comp. Cerv. Unidas - MZA
A4: AF088ED | B4: 958 ATEGO 1726-42 CE | C4: 2MC | D4: 2MC | E4: 0.75 | F4: Cambio De Aceite Y Filtro De Motor | G4: 45827 | H4: 68428.5 | I4: 88428.5 | J4: 5182.2 | K4: 14817.8 | L4: 73610.7 | M4: 120 | N4: 48.244391 | O4: 343.12377 | P4: 45947 | Q4: 20000 | R4: 46290.124 | S4: 46290 | T4: =TEXT(R4, "mmmm") -> septiembre | U4: Activo | X4: C000313 | Y4: ACEITE 15W40 XV300 X 205LT (TAMBOR) | Z4: 16 | AA4: 3389.9 | AB4: 54238.4 | AC4: =VLOOKUP(A4,[1]Detalle!$D$2:$CW$484,98,FALSE) -> CMQ_TTE - QUILMES TTE
A5: AF088ED | B5: 958 ATEGO 1726-42 CE | C5: 2MC | D5: 2MC | E5: 0.75 | F5: Cambio De Aceite Y Filtro De Motor | G5: 45827 | H5: 68428.5 | I5: 88428.5 | J5: 5182.2 | K5: 14817.8 | L5: 73610.7 | M5: 120 | N5: 48.244391 | O5: 343.12377 | P5: 45947 | Q5: 20000 | R5: 46290.124 | S5: 46290 | T5: =TEXT(R5, "mmmm") -> septiembre | U5: Activo | X5: C002301 | Y5: FILTRO DE ACEITE 6 CILINDROS MB 1318/1218/1215/914/712/1418/915/815 - MANN HU931/5X | Z5: 1 | AA5: 8513.28 | AB5: 8513.28 | AC5: =VLOOKUP(A5,[1]Detalle!$D$2:$CW$484,98,FALSE) -> CMQ_TTE - QUILMES TTE
A6: AF338VO | B6: ATEGO 1419 | C6: 2MC | D6: 2MC | E6: 0.75 | F6: Cambio De Aceite Y Filtro De Motor | G6: - | N6: 51.093037 | P6: 45947 | Q6: 20000 | R6: 46338.443 | S6: 46338 | T6: =TEXT(R6, "mmmm") -> noviembre | U6: Activo | X6: C000313 | Y6: ACEITE 15W40 XV300 X 205LT (TAMBOR) | Z6: 16 | AA6: 3389.9 | AB6: 54238.4 | AC6: =VLOOKUP(A6,[1]Detalle!$D$2:$CW$484,98,FALSE) -> CMQ_TTE - QUILMES TTE
A7: AF338VO | B7: ATEGO 1419 | C7: 2MC | D7: 2MC | E7: 0.75 | F7: Cambio De Aceite Y Filtro De Motor | G7: - | N7: 51.093037 | P7: 45947 | Q7: 20000 | R7: 46338.443 | S7: 46338 | T7: =TEXT(R7, "mmmm") -> noviembre | U7: Activo | X7: C002301 | Y7: FILTRO DE ACEITE 6 CILINDROS MB 1318/1218/1215/914/712/1418/915/815 - MANN HU931/5X | Z7: 1 | AA7: 8513.28 | AB7: 8513.28 | AC7: =VLOOKUP(A7,[1]Detalle!$D$2:$CW$484,98,FALSE) -> CMQ_TTE - QUILMES TTE
A8: AF364MN | B8: ATEGO 1419 | C8: 2MC | D8: 2MC | E8: 0.75 | F8: Cambio De Aceite Y Filtro De Motor | G8: 45461 | H8: 38855.1 | I8: 58855.1 | J8: 22989.9 | K8: -2989.9 | L8: 61845 | M8: 486 | N8: 45.422519 | O8: -63.205642 | P8: 45947 | Q8: 20000 | R8: 46387.31 | S8: 46387 | T8: =TEXT(R8, "mmmm") -> diciembre | U8: Activo | X8: C000313 | Y8: ACEITE 15W40 XV300 X 205LT (TAMBOR) | Z8: 16 | AA8: 3389.9 | AB8: 54238.4 | AC8: =VLOOKUP(A8,[1]Detalle!$D$2:$CW$484,98,FALSE) -> CMQ_TTE - QUILMES TTE
A9: AF364MN | B9: ATEGO 1419 | C9: 2MC | D9: 2MC | E9: 0.75 | F9: Cambio De Aceite Y Filtro De Motor | G9: 45461 | H9: 38855.1 | I9: 58855.1 | J9: 22989.9 | K9: -2989.9 | L9: 61845 | M9: 486 | N9: 45.422519 | O9: -63.205642 | P9: 45947 | Q9: 20000 | R9: 46387.31 | S9: 46387 | T9: =TEXT(R9, "mmmm") -> diciembre | U9: Activo | X9: C002301 | Y9: FILTRO DE ACEITE 6 CILINDROS MB 1318/1218/1215/914/712/1418/915/815 - MANN HU931/5X | Z9: 1 | AA9: 8513.28 | AB9: 8513.28 | AC9: =VLOOKUP(A9,[1]Detalle!$D$2:$CW$484,98,FALSE) -> CMQ_TTE - QUILMES TTE
A10: AF877NC | B10: ATEGO 1419 48 | C10: 2MC | D10: 2MC | E10: 0.75 | F10: Cambio De Aceite Y Filtro De Motor | G10: 45822 | H10: 71797 | I10: 91797 | J10: 0 | K10: 20000 | L10: 71797 | M10: 125 | N10: 4.7505769 | O10: 200 | P10: 45947 | Q10: 20000 | R10: 46147 | S10: 46147 | T10: =TEXT(R10, "mmmm") -> mayo | U10: Activo | X10: C000313 | Y10: ACEITE 15W40 XV300 X 205LT (TAMBOR) | Z10: 16 | AA10: 3389.9 | AB10: 54238.4 | AC10: =VLOOKUP(A10,[1]Detalle!$D$2:$CW$484,98,FALSE) -> CENCO_MZ - Cencosud SA - Mendoza
A11: AF877NC | B11: ATEGO 1419 48 | C11: 2MC | D11: 2MC | E11: 0.75 | F11: Cambio De Aceite Y Filtro De Motor | G11: 45822 | H11: 71797 | I11: 91797 | J11: 0 | K11: 20000 | L11: 71797 | M11: 125 | N11: 4.7505769 | O11: 200 | P11: 45947 | Q11: 20000 | R11: 46147 | S11: 46147 | T11: =TEXT(R11, "mmmm") -> mayo | U11: Activo | X11: C002301 | Y11: FILTRO DE ACEITE 6 CILINDROS MB 1318/1218/1215/914/712/1418/915/815 - MANN HU931/5X | Z11: 1 | AA11: 8513.28 | AB11: 8513.28 | AC11: =VLOOKUP(A11,[1]Detalle!$D$2:$CW$484,98,FALSE) -> CENCO_MZ - Cencosud SA - Mendoza
A12: AG390QD | B12: ACCELO 1016 39 | C12: 2MC | D12: 2MC | E12: 0.75 | F12: Cambio De Aceite Y Filtro De Motor | G12: 45727 | H12: 15836.3 | I12: 35836.3 | J12: 8775.7 | K12: 11224.3 | L12: 24612 | M12: 220 | N12: 36.572848 | O12: 281.3845 | P12: 45947 | Q12: 20000 | R12: 46228.385 | S12: 46228 | T12: =TEXT(R12, "mmmm") -> julio | U12: Activo | X12: C000313 | Y12: ACEITE 15W40 XV300 X 205LT (TAMBOR) | Z12: 16 | AA12: 3389.9 | AB12: 54238.4 | AC12: =VLOOKUP(A12,[1]Detalle!$D$2:$CW$484,98,FALSE) -> CCUDyAZA
A13: AG390QD | B13: ACCELO 1016 39 | C13: 2MC | D13: 2MC | E13: 0.75 | F13: Cambio De Aceite Y Filtro De Motor | G13: 45727 | H13: 15836.3 | I13: 35836.3 | J13: 8775.7 | K13: 11224.3 | L13: 24612 | M13: 220 | N13: 36.572848 | O13: 281.3845 | P13: 45947 | Q13: 20000 | R13: 46228.385 | S13: 46228 | T13: =TEXT(R13, "mmmm") -> julio | U13: Activo | X13: C002301 | Y13: FILTRO DE ACEITE 6 CILINDROS MB 1318/1218/1215/914/712/1418/915/815 - MANN HU931/5X | Z13: 1 | AA13: 8513.28 | AB13: 8513.28 | AC13: =VLOOKUP(A13,[1]Detalle!$D$2:$CW$484,98,FALSE) -> CCUDyAZA
A14: AG404LX | B14: ACCELO 1016 39 | C14: 2MC | D14: 2MC | E14: 0.75 | F14: Cambio De Aceite Y Filtro De Motor | G14: 45728 | H14: 16579.5 | I14: 36579.5 | J14: 8515.2 | K14: 11484.8 | L14: 25094.7 | M14: 219 | N14: 35.248013 | O14: 295.3743 | P14: 45947 | Q14: 20000 | R14: 46242.374 | S14: 46242 | T14: =TEXT(R14, "mmmm") -> agosto | U14: Activo | X14: C000313 | Y14: ACEITE 15W40 XV300 X 205LT (TAMBOR) | Z14: 16 | AA14: 3389.9 | AB14: 54238.4 | AC14: =VLOOKUP(A14,[1]Detalle!$D$2:$CW$484,98,FALSE) -> CCUDyAZA
A15: AG404LX | B15: ACCELO 1016 39 | C15: 2MC | D15: 2MC | E15: 0.75 | F15: Cambio De Aceite Y Filtro De Motor | G15: 45728 | H15: 16579.5 | I15: 36579.5 | J15: 8515.2 | K15: 11484.8 | L15: 25094.7 | M15: 219 | N15: 35.248013 | O15: 295.3743 | P15: 45947 | Q15: 20000 | R15: 46242.374 | S15: 46242 | T15: =TEXT(R15, "mmmm") -> agosto | U15: Activo | X15: C002301 | Y15: FILTRO DE ACEITE 6 CILINDROS MB 1318/1218/1215/914/712/1418/915/815 - MANN HU931/5X | Z15: 1 | AA15: 8513.28 | AB15: 8513.28 | AC15: =VLOOKUP(A15,[1]Detalle!$D$2:$CW$484,98,FALSE) -> CCUDyAZA
A16: BVH267 | B16: 914 | C16: 2MC | D16: 2MC | E16: 0.75 | F16: Cambio De Aceite Y Filtro De Motor | G16: 45530 | H16: 297464 | I16: 317464 | J16: 23030.17 | K16: -3030.17 | L16: 320494.17 | M16: 417 | N16: 48.15737 | O16: -54.866329 | P16: 45947 | Q16: 20000 | R16: 46362.305 | S16: 46362 | T16: =TEXT(R16, "mmmm") -> diciembre | U16: Activo | X16: C000313 | Y16: ACEITE 15W40 XV300 X 205LT (TAMBOR) | Z16: 16 | AA16: 3389.9 | AB16: 54238.4 | AC16: =VLOOKUP(A16,[1]Detalle!$D$2:$CW$484,98,FALSE) -> Unilever - Unilever de Arg. S.A.
A17: BVH267 | B17: 914 | C17: 2MC | D17: 2MC | E17: 0.75 | F17: Cambio De Aceite Y Filtro De Motor | G17: 45530 | H17: 297464 | I17: 317464 | J17: 23030.17 | K17: -3030.17 | L17: 320494.17 | M17: 417 | N17: 48.15737 | O17: -54.866329 | P17: 45947 | Q17: 20000 | R17: 46362.305 | S17: 46362 | T17: =TEXT(R17, "mmmm") -> diciembre | U17: Activo | X17: C002301 | Y17: FILTRO DE ACEITE 6 CILINDROS MB 1318/1218/1215/914/712/1418/915/815 - MANN HU931/5X | Z17: 1 | AA17: 8513.28 | AB17: 8513.28 | AC17: =VLOOKUP(A17,[1]Detalle!$D$2:$CW$484,98,FALSE) -> Unilever - Unilever de Arg. S.A.
A18: CVF923 | B18: 712 | C18: 2MC | D18: 2MC | E18: 0.75 | F18: Cambio De Aceite Y Filtro De Motor | G18: 45798 | H18: 32992.1 | I18: 52992.1 | J18: 9749.3 | K18: 10250.7 | L18: 42741.4 | M18: 149 | N18: 52.850396 | O18: 156.66297 | P18: 45947 | Q18: 20000 | R18: 46103.663 | S18: 46103 | T18: =TEXT(R18, "mmmm") -> marzo | U18: Activo | X18: C000313 | Y18: ACEITE 15W40 XV300 X 205LT (TAMBOR) | Z18: 16 | AA18: 3389.9 | AB18: 54238.4 | AC18: =VLOOKUP(A18,[1]Detalle!$D$2:$CW$484,98,FALSE) -> JOHNSON - SC JOHNSON DE ARGENTINA SAIC
A19: CVF923 | B19: 712 | C19: 2MC | D19: 2MC | E19: 0.75 | F19: Cambio De Aceite Y Filtro De Motor | G19: 45798 | H19: 32992.1 | I19: 52992.1 | J19: 9749.3 | K19: 10250.7 | L19: 42741.4 | M19: 149 | N19: 52.850396 | O19: 156.66297 | P19: 45947 | Q19: 20000 | R19: 46103.663 | S19: 46103 | T19: =TEXT(R19, "mmmm") -> marzo | U19: Activo | X19: C002301 | Y19: FILTRO DE ACEITE 6 CILINDROS MB 1318/1218/1215/914/712/1418/915/815 - MANN HU931/5X | Z19: 1 | AA19: 8513.28 | AB19: 8513.28 | AC19: =VLOOKUP(A19,[1]Detalle!$D$2:$CW$484,98,FALSE) -> JOHNSON - SC JOHNSON DE ARGENTINA SAIC
A20: DLW395 | B20: 1215 | C20: 2MC | D20: 2MC | E20: 0.75 | F20: Cambio De Aceite Y Filtro De Motor | G20: 45841 | H20: 16065.4 | I20: 36065.4 | J20: 5233.4 | K20: 14766.6 | L20: 21298.8 | M20: 106 | N20: 61.480495 | O20: 299.09038 | P20: 45947 | Q20: 20000 | R20: 46246.09 | S20: 46246 | T20: =TEXT(R20, "mmmm") -> agosto | U20: Activo | X20: C000313 | Y20: ACEITE 15W40 XV300 X 205LT (TAMBOR) | Z20: 16 | AA20: 3389.9 | AB20: 54238.4 | AC20: =VLOOKUP(A20,[1]Detalle!$D$2:$CW$484,98,FALSE) -> JOHNSON - SC JOHNSON DE ARGENTINA SAIC
A21: DLW395 | B21: 1215 | C21: 2MC | D21: 2MC | E21: 0.75 | F21: Cambio De Aceite Y Filtro De Motor | G21: 45841 | H21: 16065.4 | I21: 36065.4 | J21: 5233.4 | K21: 14766.6 | L21: 21298.8 | M21: 106 | N21: 61.480495 | O21: 299.09038 | P21: 45947 | Q21: 20000 | R21: 46246.09 | S21: 46246 | T21: =TEXT(R21, "mmmm") -> agosto | U21: Activo | X21: C002301 | Y21: FILTRO DE ACEITE 6 CILINDROS MB 1318/1218/1215/914/712/1418/915/815 - MANN HU931/5X | Z21: 1 | AA21: 8513.28 | AB21: 8513.28 | AC21: =VLOOKUP(A21,[1]Detalle!$D$2:$CW$484,98,FALSE) -> JOHNSON - SC JOHNSON DE ARGENTINA SAIC
A22: FCD324 | B22: 710 | C22: 2MC | D22: 2MC | E22: 0.75 | F22: Cambio De Aceite Y Filtro De Motor | G22: 45632 | H22: 16040 | I22: 36040 | J22: 34694.1 | K22: -14694.1 | L22: 50734.1 | M22: 315 | N22: 104.47372 | O22: -133.41293 | P22: 45947 | Q22: 20000 | R22: 46138.436 | S22: 46138 | T22: =TEXT(R22, "mmmm") -> abril | U22: Activo | X22: C000313 | Y22: ACEITE 15W40 XV300 X 205LT (TAMBOR) | Z22: 16 | AA22: 3389.9 | AB22: 54238.4 | AC22: =VLOOKUP(A22,[1]Detalle!$D$2:$CW$484,98,FALSE) -> SUC_MEN - Sucursal Mendoza
A23: FCD324 | B23: 710 | C23: 2MC | D23: 2MC | E23: 0.75 | F23: Cambio De Aceite Y Filtro De Motor | G23: 45632 | H23: 16040 | I23: 36040 | J23: 34694.1 | K23: -14694.1 | L23: 50734.1 | M23: 315 | N23: 104.47372 | O23: -133.41293 | P23: 45947 | Q23: 20000 | R23: 46138.436 | S23: 46138 | T23: =TEXT(R23, "mmmm") -> abril | U23: Activo | X23: C002301 | Y23: FILTRO DE ACEITE 6 CILINDROS MB 1318/1218/1215/914/712/1418/915/815 - MANN HU931/5X | Z23: 1 | AA23: 8513.28 | AB23: 8513.28 | AC23: =VLOOKUP(A23,[1]Detalle!$D$2:$CW$484,98,FALSE) -> SUC_MEN - Sucursal Mendoza
A24: FGV321 | B24: 1218 | C24: 2MC | D24: 2MC | E24: 0.75 | F24: Cambio De Aceite Y Filtro De Motor | G24: 45769 | H24: 302541 | I24: 322541 | J24: 8078.8 | K24: 11921.2 | L24: 310619.8 | M24: 178 | N24: 40.451194 | O24: 262.6595 | P24: 45947 | Q24: 20000 | R24: 46209.66 | S24: 46209 | T24: =TEXT(R24, "mmmm") -> julio | U24: Activo | X24: C000313 | Y24: ACEITE 15W40 XV300 X 205LT (TAMBOR) | Z24: 16 | AA24: 3389.9 | AB24: 54238.4 | AC24: =VLOOKUP(A24,[1]Detalle!$D$2:$CW$484,98,FALSE) -> CCUCoAZA
A25: FGV321 | B25: 1218 | C25: 2MC | D25: 2MC | E25: 0.75 | F25: Cambio De Aceite Y Filtro De Motor | G25: 45769 | H25: 302541 | I25: 322541 | J25: 8078.8 | K25: 11921.2 | L25: 310619.8 | M25: 178 | N25: 40.451194 | O25: 262.6595 | P25: 45947 | Q25: 20000 | R25: 46209.66 | S25: 46209 | T25: =TEXT(R25, "mmmm") -> julio | U25: Activo | X25: C002301 | Y25: FILTRO DE ACEITE 6 CILINDROS MB 1318/1218/1215/914/712/1418/915/815 - MANN HU931/5X | Z25: 1 | AA25: 8513.28 | AB25: 8513.28 | AC25: =VLOOKUP(A25,[1]Detalle!$D$2:$CW$484,98,FALSE) -> CCUCoAZA
A26: FJT707 | B26: 1218 | C26: 2MC | D26: 2MC | E26: 0.75 | F26: Cambio De Aceite Y Filtro De Motor | G26: 45617 | H26: 17571.7 | I26: 37571.7 | J26: 31178.54 | K26: -11178.54 | L26: 48750.24 | M26: 330 | N26: 86.918457 | O26: -118.31594 | P26: 45947 | Q26: 20000 | R26: 46177.101 | S26: 46177 | T26: =TEXT(R26, "mmmm") -> junio | U26: Activo | X26: C000313 | Y26: ACEITE 15W40 XV300 X 205LT (TAMBOR) | Z26: 16 | AA26: 3389.9 | AB26: 54238.4 | AC26: =VLOOKUP(A26,[1]Detalle!$D$2:$CW$484,98,FALSE) -> SUC_MEN - Sucursal Mendoza
A27: FJT707 | B27: 1218 | C27: 2MC | D27: 2MC | E27: 0.75 | F27: Cambio De Aceite Y Filtro De Motor | G27: 45617 | H27: 17571.7 | I27: 37571.7 | J27: 31178.54 | K27: -11178.54 | L27: 48750.24 | M27: 330 | N27: 86.918457 | O27: -118.31594 | P27: 45947 | Q27: 20000 | R27: 46177.101 | S27: 46177 | T27: =TEXT(R27, "mmmm") -> junio | U27: Activo | X27: C002301 | Y27: FILTRO DE ACEITE 6 CILINDROS MB 1318/1218/1215/914/712/1418/915/815 - MANN HU931/5X | Z27: 1 | AA27: 8513.28 | AB27: 8513.28 | AC27: =VLOOKUP(A27,[1]Detalle!$D$2:$CW$484,98,FALSE) -> SUC_MEN - Sucursal Mendoza
... A29: GYB034 | B29: 710 | C29: 2MC | D29: 2MC | E29: 0.75 | F29: Cambio De Aceite Y Filtro De Motor | G29: 45378 | H29: 202420 | I29: 222420 | J29: 36588.56 | K29: -16588.56 | L29: 239008.56 | M29: 569 | N29: 69.022379 | O29: -257.97382 | P29: 45947 | Q29: 20000 | R29: 46236.761 | S29: 46236 | T29: =TEXT(R29, "mmmm") -> agosto | U29: Activo | X29: C002301 | Y29: FILTRO DE ACEITE 6 CILINDROS MB 1318/1218/1215/914/712/1418/915/815 - MANN HU931/5X | Z29: 1 | AA29: 8513.28 | AB29: 8513.28 | AC29: =VLOOKUP(A29,[1]Detalle!$D$2:$CW$484,98,FALSE) -> SUC_MEN - Sucursal Mendoza
A30: IVD940 | B30: ATEGO 1418/48 FRONTAL | C30: 2MC | D30: 2MC | E30: 0.75 | F30: Cambio De Aceite Y Filtro De Motor | G30: 45742 | H30: 283696 | I30: 303696 | J30: 7346 | K30: 12654 | L30: 291042 | M30: 205 | N30: 34.247774 | O30: 353.12687 | P30: 45947 | Q30: 20000 | R30: 46300.127 | S30: 46300 | T30: =TEXT(R30, "mmmm") -> octubre | U30: Activo | X30: C000313 | Y30: ACEITE 15W40 XV300 X 205LT (TAMBOR) | Z30: 16 | AA30: 3389.9 | AB30: 54238.4 | AC30: =VLOOKUP(A30,[1]Detalle!$D$2:$CW$484,98,FALSE) -> CCUCoAZA
A31: IVD940 | B31: ATEGO 1418/48 FRONTAL | C31: 2MC | D31: 2MC | E31: 0.75 | F31: Cambio De Aceite Y Filtro De Motor | G31: 45742 | H31: 283696 | I31: 303696 | J31: 7346 | K31: 12654 | L31: 291042 | M31: 205 | N31: 34.247774 | O31: 353.12687 | P31: 45947 | Q31: 20000 | R31: 46300.127 | S31: 46300 | T31: =TEXT(R31, "mmmm") -> octubre | U31: Activo | X31: C002301 | Y31: FILTRO DE ACEITE 6 CILINDROS MB 1318/1218/1215/914/712/1418/915/815 - MANN HU931/5X | Z31: 1 | AA31: 8513.28 | AB31: 8513.28 | AC31: =VLOOKUP(A31,[1]Detalle!$D$2:$CW$484,98,FALSE) -> CCUCoAZA
A32: IVD941 | B32: ATEGO 1418/48 FRONTAL | C32: 2MC | D32: 2MC | E32: 0.75 | F32: Cambio De Aceite Y Filtro De Motor | G32: 45842 | H32: 227732 | I32: 247732 | J32: 5333.9 | K32: 14666.1 | L32: 233065.9 | M32: 105 | N32: 40.479774 | O32: 288.70817 | P32: 45947 | Q32: 20000 | R32: 46235.708 | S32: 46235 | T32: =TEXT(R32, "mmmm") -> agosto | U32: Activo | X32: C000313 | Y32: ACEITE 15W40 XV300 X 205LT (TAMBOR) | Z32: 16 | AA32: 3389.9 | AB32: 54238.4 | AC32: =VLOOKUP(A32,[1]Detalle!$D$2:$CW$484,98,FALSE) -> CCUCoAZA
A33: IVD941 | B33: ATEGO 1418/48 FRONTAL | C33: 2MC | D33: 2MC | E33: 0.75 | F33: Cambio De Aceite Y Filtro De Motor | G33: 45842 | H33: 227732 | I33: 247732 | J33: 5333.9 | K33: 14666.1 | L33: 233065.9 | M33: 105 | N33: 40.479774 | O33: 288.70817 | P33: 45947 | Q33: 20000 | R33: 46235.708 | S33: 46235 | T33: =TEXT(R33, "mmmm") -> agosto | U33: Activo | X33: C002301 | Y33: FILTRO DE ACEITE 6 CILINDROS MB 1318/1218/1215/914/712/1418/915/815 - MANN HU931/5X | Z33: 1 | AA33: 8513.28 | AB33: 8513.28 | AC33: =VLOOKUP(A33,[1]Detalle!$D$2:$CW$484,98,FALSE) -> CCUCoAZA
A34: JKQ773 | B34: ATEGO 1418/48 FRONTAL | C34: 2MC | D34: 2MC | E34: 0.75 | F34: Cambio De Aceite Y Filtro De Motor | G34: 45790 | H34: 237476 | I34: 257476 | J34: 6287.2 | K34: 13712.8 | L34: 243763.2 | M34: 157 | N34: 36.853916 | O34: 342.42741 | P34: 45947 | Q34: 20000 | R34: 46289.427 | S34: 46289 | T34: =TEXT(R34, "mmmm") -> septiembre | U34: Activo | X34: C000313 | Y34: ACEITE 15W40 XV300 X 205LT (TAMBOR) | Z34: 15 | AA34: 3389.9 | AB34: =AA34*Z34 -> 50848.5 | AC34: =VLOOKUP(A34,[1]Detalle!$D$2:$CW$484,98,FALSE) -> CCUDyAZA
A35: JKQ773 | B35: ATEGO 1418/48 FRONTAL | C35: 2MC | D35: 2MC | E35: 0.75 | F35: Cambio De Aceite Y Filtro De Motor | G35: 45790 | H35: 237476 | I35: 257476 | J35: 6287.2 | K35: 13712.8 | L35: 243763.2 | M35: 157 | N35: 36.853916 | O35: 342.42741 | P35: 45947 | Q35: 20000 | R35: 46289.427 | S35: 46289 | T35: =TEXT(R35, "mmmm") -> septiembre | U35: Activo | X35: C002301 | Y35: FILTRO DE ACEITE 6 CILINDROS MB 1318/1218/1215/914/712/1418/915/815 - MANN HU931/5X | Z35: 1 | AA35: 8513.28 | AB35: 8513.28 | AC35: =VLOOKUP(A35,[1]Detalle!$D$2:$CW$484,98,FALSE) -> CCUDyAZA
A36: JKQ774 | B36: ATEGO 1418/48 FRONTAL | C36: 2MC | D36: 2MC | E36: 0.75 | F36: Cambio De Aceite Y Filtro De Motor | G36: 45785 | H36: 249976 | I36: 269976 | J36: 7170.1 | K36: 12829.9 | L36: 257146.1 | M36: 162 | N36: 37.516849 | O36: 289.87654 | P36: 45947 | Q36: 20000 | R36: 46236.877 | S36: 46236 | T36: =TEXT(R36, "mmmm") -> agosto | U36: Activo | X36: C000313 | Y36: ACEITE 15W40 XV300 X 205LT (TAMBOR) | Z36: 16 | AA36: 3389.9 | AB36: 54238.4 | AC36: =VLOOKUP(A36,[1]Detalle!$D$2:$CW$484,98,FALSE) -> CCUCoAZA
A37: JKQ774 | B37: ATEGO 1418/48 FRONTAL | C37: 2MC | D37: 2MC | E37: 0.75 | F37: Cambio De Aceite Y Filtro De Motor | G37: 45785 | H37: 249976 | I37: 269976 | J37: 7170.1 | K37: 12829.9 | L37: 257146.1 | M37: 162 | N37: 37.516849 | O37: 289.87654 | P37: 45947 | Q37: 20000 | R37: 46236.877 | S37: 46236 | T37: =TEXT(R37, "mmmm") -> agosto | U37: Activo | X37: C002301 | Y37: FILTRO DE ACEITE 6 CILINDROS MB 1318/1218/1215/914/712/1418/915/815 - MANN HU931/5X | Z37: 1 | AA37: 8513.28 | AB37: 8513.28 | AC37: =VLOOKUP(A37,[1]Detalle!$D$2:$CW$484,98,FALSE) -> CCUCoAZA
A38: JXZ992 | B38: ATEGO 1418/48 FRONTAL | C38: 2MC | D38: 2MC | E38: 0.75 | F38: Cambio De Aceite Y Filtro De Motor | G38: 45656 | H38: 216285 | I38: 236285 | J38: 9057.09 | K38: 10942.91 | L38: 225342.09 | M38: 291 | N38: 33.420996 | O38: 351.5905 | P38: 45947 | Q38: 20000 | R38: 46298.591 | S38: 46298 | T38: =TEXT(R38, "mmmm") -> octubre | U38: Activo | X38: C000313 | Y38: ACEITE 15W40 XV300 X 205LT (TAMBOR) | Z38: 16 | AA38: 3389.9 | AB38: 54238.4 | AC38: =VLOOKUP(A38,[1]Detalle!$D$2:$CW$484,98,FALSE) -> CCUCoAZA
A39: JXZ992 | B39: ATEGO 1418/48 FRONTAL | C39: 2MC | D39: 2MC | E39: 0.75 | F39: Cambio De Aceite Y Filtro De Motor | G39: 45656 | H39: 216285 | I39: 236285 | J39: 9057.09 | K39: 10942.91 | L39: 225342.09 | M39: 291 | N39: 33.420996 | O39: 351.5905 | P39: 45947 | Q39: 20000 | R39: 46298.591 | S39: 46298 | T39: =TEXT(R39, "mmmm") -> octubre | U39: Activo | X39: C002301 | Y39: FILTRO DE ACEITE 6 CILINDROS MB 1318/1218/1215/914/712/1418/915/815 - MANN HU931/5X | Z39: 1 | AA39: 8513.28 | AB39: 8513.28 | AC39: =VLOOKUP(A39,[1]Detalle!$D$2:$CW$484,98,FALSE) -> CCUCoAZA
A40: KHS009 | B40: ATRON 1720/48 FRONTAL | C40: 2MC | D40: 2MC | E40: 0.75 | F40: Cambio De Aceite Y Filtro De Motor | G40: 45525 | H40: 880145 | I40: 900145 | J40: 79750.57 | K40: -59750.57 | L40: 959895.57 | M40: 422 | N40: 249.75151 | O40: -316.17004 | P40: 45947 | Q40: 20000 | R40: 46027.08 | S40: 46027 | T40: =TEXT(R40, "mmmm") -> enero | U40: Activo | X40: C000313 | Y40: ACEITE 15W40 XV300 X 205LT (TAMBOR) | Z40: 16 | AA40: 3389.9 | AB40: 54238.4 | AC40: =VLOOKUP(A40,[1]Detalle!$D$2:$CW$484,98,FALSE) -> CENCO_MZ - Cencosud SA - Mendoza
A41: KHS009 | B41: ATRON 1720/48 FRONTAL | C41: 2MC | D41: 2MC | E41: 0.75 | F41: Cambio De Aceite Y Filtro De Motor | G41: 45525 | H41: 880145 | I41: 900145 | J41: 79750.57 | K41: -59750.57 | L41: 959895.57 | M41: 422 | N41: 249.75151 | O41: -316.17004 | P41: 45947 | Q41: 20000 | R41: 46027.08 | S41: 46027 | T41: =TEXT(R41, "mmmm") -> enero | U41: Activo | X41: C002301 | Y41: FILTRO DE ACEITE 6 CILINDROS MB 1318/1218/1215/914/712/1418/915/815 - MANN HU931/5X | Z41: 1 | AA41: 8513.28 | AB41: 8513.28 | AC41: =VLOOKUP(A41,[1]Detalle!$D$2:$CW$484,98,FALSE) -> CENCO_MZ - Cencosud SA - Mendoza
A42: KHS012 | B42: ATEGO 1418/48 FRONTAL | C42: 2MC | D42: 2MC | E42: 0.75 | F42: Cambio De Aceite Y Filtro De Motor | G42: 45603 | H42: 342438 | I42: 362438 | J42: 22886.28 | K42: -2886.28 | L42: 365324.28 | M42: 344 | N42: 66.65197 | O42: -43.383211 | P42: 45947 | Q42: 20000 | R42: 46247.066 | S42: 46247 | T42: =TEXT(R42, "mmmm") -> agosto | U42: Activo | X42: C000313 | Y42: ACEITE 15W40 XV300 X 205LT (TAMBOR) | Z42: 16 | AA42: 3389.9 | AB42: 54238.4 | AC42: =VLOOKUP(A42,[1]Detalle!$D$2:$CW$484,98,FALSE) -> Topacio
A43: KHS012 | B43: ATEGO 1418/48 FRONTAL | C43: 2MC | D43: 2MC | E43: 0.75 | F43: Cambio De Aceite Y Filtro De Motor | G43: 45603 | H43: 342438 | I43: 362438 | J43: 22886.28 | K43: -2886.28 | L43: 365324.28 | M43: 344 | N43: 66.65197 | O43: -43.383211 | P43: 45947 | Q43: 20000 | R43: 46247.066 | S43: 46247 | T43: =TEXT(R43, "mmmm") -> agosto | U43: Activo | X43: C002301 | Y43: FILTRO DE ACEITE 6 CILINDROS MB 1318/1218/1215/914/712/1418/915/815 - MANN HU931/5X | Z43: 1 | AA43: 8513.28 | AB43: 8513.28 | AC43: =VLOOKUP(A43,[1]Detalle!$D$2:$CW$484,98,FALSE) -> Topacio
A44: KKI233 | B44: ATRON 1720/48 FRONTAL | C44: 2MC | D44: 2MC | E44: 0.75 | F44: Cambio De Aceite Y Filtro De Motor | G44: 45863 | H44: 474074 | I44: 494074 | J44: 5983.8 | K44: 14016.2 | L44: 480057.8 | M44: 84 | N44: 63.859032 | O44: 196.75805 | P44: 45947 | Q44: 20000 | R44: 46143.758 | S44: 46143 | T44: =TEXT(R44, "mmmm") -> mayo | U44: Activo | X44: C000313 | Y44: ACEITE 15W40 XV300 X 205LT (TAMBOR) | Z44: 16 | AA44: 3389.9 | AB44: 54238.4 | AC44: =VLOOKUP(A44,[1]Detalle!$D$2:$CW$484,98,FALSE) -> Papelera - Papelera del Plata S.A.
A45: KKI233 | B45: ATRON 1720/48 FRONTAL | C45: 2MC | D45: 2MC | E45: 0.75 | F45: Cambio De Aceite Y Filtro De Motor | G45: 45863 | H45: 474074 | I45: 494074 | J45: 5983.8 | K45: 14016.2 | L45: 480057.8 | M45: 84 | N45: 63.859032 | O45: 196.75805 | P45: 45947 | Q45: 20000 | R45: 46143.758 | S45: 46143 | T45: =TEXT(R45, "mmmm") -> mayo | U45: Activo | X45: C002301 | Y45: FILTRO DE ACEITE 6 CILINDROS MB 1318/1218/1215/914/712/1418/915/815 - MANN HU931/5X | Z45: 1 | AA45: 8513.28 | AB45: 8513.28 | AC45: =VLOOKUP(A45,[1]Detalle!$D$2:$CW$484,98,FALSE) -> Papelera - Papelera del Plata S.A.
A46: NIE146 | B46: ATRON 1720/48 FRONTAL | C46: 2MC | D46: 2MC | E46: 0.75 | F46: Cambio De Aceite Y Filtro De Motor | G46: 45587 | H46: 502203 | I46: 522203 | J46: 14467.7 | K46: 5532.3 | L46: 516670.7 | M46: 360 | N46: 33.863782 | O46: 137.66031 | P46: 45947 | Q46: 20000 | R46: 46084.66 | S46: 46084 | T46: =TEXT(R46, "mmmm") -> marzo | U46: Activo | X46: C000313 | Y46: ACEITE 15W40 XV300 X 205LT (TAMBOR) | Z46: 16 | AA46: 3389.9 | AB46: 54238.4 | AC46: =VLOOKUP(A46,[1]Detalle!$D$2:$CW$484,98,FALSE) -> CMQ_TTE - QUILMES TTE
... A83: PLU469 | B83: ACCELO 915C | C83: 2MC | D83: 2MC | E83: 0.75 | F83: Cambio De Aceite Y Filtro De Motor | G83: 45736 | H83: 126999 | I83: 146999 | J83: 6493.4 | K83: 13506.6 | L83: 133492.4 | M83: 211 | N83: 29.333408 | O83: 438.89066 | P83: 45947 | Q83: 20000 | R83: 46385.891 | S83: 46385 | T83: =TEXT(R83, "mmmm") -> diciembre | U83: Activo | X83: C002301 | Y83: FILTRO DE ACEITE 6 CILINDROS MB 1318/1218/1215/914/712/1418/915/815 - MANN HU931/5X | Z83: 1 | AA83: 8513.28 | AB83: 8513.28 | AC83: =VLOOKUP(A83,[1]Detalle!$D$2:$CW$484,98,FALSE) -> CCUDyAZA
A84: GDR525 | B84: 1620 | C84: 3MC | D84: 3MC | E84: 0.5 | F84: Cambio De Filtro Gas Oíl Y Trampa De Agua | G84: 45743 | H84: 315257 | I84: 335257 | J84: 0 | K84: 20000 | L84: 315257 | M84: 204 | N84: 4.0251111 | O84: 200 | P84: 45947 | Q84: 20000 | R84: 46147 | S84: 46147 | T84: =TEXT(R84, "mmmm") -> mayo | U84: Activo | X84: C001031 | Y84: FILTRO DE COMBUSTIBLE MANN PU1046/1X | Z84: 1 | AA84: 10535.04 | AB84: 10535.04 | AC84: =VLOOKUP(A84,[1]Detalle!$D$2:$CW$484,98,FALSE) -> Arcor S.A.I.C.
A85: GDR525 | B85: 1620 | C85: 3MC | D85: 3MC | E85: 0.5 | F85: Cambio De Filtro Gas Oíl Y Trampa De Agua | G85: 45743 | H85: 315257 | I85: 335257 | J85: 0 | K85: 20000 | L85: 315257 | M85: 204 | N85: 4.0251111 | O85: 200 | P85: 45947 | Q85: 20000 | R85: 46147 | S85: 46147 | T85: =TEXT(R85, "mmmm") -> mayo | U85: Activo | X85: C003103 | Y85: FILTRO TRAMPA DE AGUA - WIX (WF 10288) | Z85: 1 | AA85: 19410.24 | AB85: 19410.24 | AC85: =VLOOKUP(A85,[1]Detalle!$D$2:$CW$484,98,FALSE) -> Arcor S.A.I.C.
A86: KER728 | B86: ATEGO 1725 | C86: 3MC | D86: 3MC | E86: 0.5 | F86: Cambio De Filtro Gas Oíl Y Trampa De Agua | G86: 45786 | H86: 331282 | I86: 351282 | J86: 13312.4 | K86: 6687.6 | L86: 344594.4 | M86: 161 | N86: 86.162316 | O86: 80.879751 | P86: 45947 | Q86: 20000 | R86: 46027.88 | S86: 46027 | T86: =TEXT(R86, "mmmm") -> enero | U86: Activo | X86: C001031 | Y86: FILTRO DE COMBUSTIBLE MANN PU1046/1X | Z86: 1 | AA86: 10535.04 | AB86: 10535.04 | AC86: =VLOOKUP(A86,[1]Detalle!$D$2:$CW$484,98,FALSE) -> CENCO_MZ - Cencosud SA - Mendoza
A87: KER728 | B87: ATEGO 1725 | C87: 3MC | D87: 3MC | E87: 0.5 | F87: Cambio De Filtro Gas Oíl Y Trampa De Agua | G87: 45786 | H87: 331282 | I87: 351282 | J87: 13312.4 | K87: 6687.6 | L87: 344594.4 | M87: 161 | N87: 86.162316 | O87: 80.879751 | P87: 45947 | Q87: 20000 | R87: 46027.88 | S87: 46027 | T87: =TEXT(R87, "mmmm") -> enero | U87: Activo | X87: C003103 | Y87: FILTRO TRAMPA DE AGUA - WIX (WF 10288) | Z87: 1 | AA87: 19410.24 | AB87: 19410.24 | AC87: =VLOOKUP(A87,[1]Detalle!$D$2:$CW$484,98,FALSE) -> CENCO_MZ - Cencosud SA - Mendoza
A88: AF088ED | B88: 958 ATEGO 1726-42 CE | C88: 3MC | D88: 3MC | E88: 0.5 | F88: Cambio De Filtro Gas Oíl Y Trampa De Agua | G88: 45827 | H88: 68428.5 | I88: 88428.5 | J88: 5182.2 | K88: 14817.8 | L88: 73610.7 | M88: 120 | N88: 48.244391 | O88: 343.12377 | P88: 45947 | Q88: 20000 | R88: 46290.124 | S88: 46290 | T88: =TEXT(R88, "mmmm") -> septiembre | U88: Activo | X88: C001031 | Y88: FILTRO DE COMBUSTIBLE MANN PU1046/1X | Z88: 1 | AA88: 10535.04 | AB88: 10535.04 | AC88: =VLOOKUP(A88,[1]Detalle!$D$2:$CW$484,98,FALSE) -> CMQ_TTE - QUILMES TTE
A89: AF088ED | B89: 958 ATEGO 1726-42 CE | C89: 3MC | D89: 3MC | E89: 0.5 | F89: Cambio De Filtro Gas Oíl Y Trampa De Agua | G89: 45827 | H89: 68428.5 | I89: 88428.5 | J89: 5182.2 | K89: 14817.8 | L89: 73610.7 | M89: 120 | N89: 48.244391 | O89: 343.12377 | P89: 45947 | Q89: 20000 | R89: 46290.124 | S89: 46290 | T89: =TEXT(R89, "mmmm") -> septiembre | U89: Activo | X89: C003103 | Y89: FILTRO TRAMPA DE AGUA - WIX (WF 10288) | Z89: 1 | AA89: 19410.24 | AB89: 19410.24 | AC89: =VLOOKUP(A89,[1]Detalle!$D$2:$CW$484,98,FALSE) -> CMQ_TTE - QUILMES TTE
A90: KGM735 | B90: ATEGO 1725 | C90: 3MC | D90: 3MC | E90: 0.5 | F90: Cambio De Filtro Gas Oíl Y Trampa De Agua | G90: 45898 | H90: 279340 | I90: 299340 | J90: 2584.2 | K90: 17415.8 | L90: 281924.2 | M90: 49 | N90: 86.131808 | O90: 330.22761 | P90: 45947 | Q90: 20000 | R90: 46277.228 | S90: 46277 | T90: =TEXT(R90, "mmmm") -> septiembre | U90: Activo | X90: C001031 | Y90: FILTRO DE COMBUSTIBLE MANN PU1046/1X | Z90: 1 | AA90: 10535.04 | AB90: 10535.04 | AC90: =VLOOKUP(A90,[1]Detalle!$D$2:$CW$484,98,FALSE) -> CENCO_MZ - Cencosud SA - Mendoza
A91: KGM735 | B91: ATEGO 1725 | C91: 3MC | D91: 3MC | E91: 0.5 | F91: Cambio De Filtro Gas Oíl Y Trampa De Agua | G91: 45898 | H91: 279340 | I91: 299340 | J91: 2584.2 | K91: 17415.8 | L91: 281924.2 | M91: 49 | N91: 86.131808 | O91: 330.22761 | P91: 45947 | Q91: 20000 | R91: 46277.228 | S91: 46277 | T91: =TEXT(R91, "mmmm") -> septiembre | U91: Activo | X91: C003103 | Y91: FILTRO TRAMPA DE AGUA - WIX (WF 10288) | Z91: 1 | AA91: 19410.24 | AB91: 19410.24 | AC91: =VLOOKUP(A91,[1]Detalle!$D$2:$CW$484,98,FALSE) -> CENCO_MZ - Cencosud SA - Mendoza
A92: AF338VO | B92: ATEGO 1419 | C92: 3MC | D92: 3MC | E92: 0.5 | F92: Cambio De Filtro Gas Oíl Y Trampa De Agua | G92: - | N92: 51.093037 | P92: 45947 | Q92: 20000 | R92: 46338.443 | S92: 46338 | T92: =TEXT(R92, "mmmm") -> noviembre | U92: Activo | X92: C001031 | Y92: FILTRO DE COMBUSTIBLE MANN PU1046/1X | Z92: 1 | AA92: 10535.04 | AB92: 10535.04 | AC92: =VLOOKUP(A92,[1]Detalle!$D$2:$CW$484,98,FALSE) -> CMQ_TTE - QUILMES TTE
A93: AF338VO | B93: ATEGO 1419 | C93: 3MC | D93: 3MC | E93: 0.5 | F93: Cambio De Filtro Gas Oíl Y Trampa De Agua | G93: - | N93: 51.093037 | P93: 45947 | Q93: 20000 | R93: 46338.443 | S93: 46338 | T93: =TEXT(R93, "mmmm") -> noviembre | U93: Activo | X93: C003103 | Y93: FILTRO TRAMPA DE AGUA - WIX (WF 10288) | Z93: 1 | AA93: 19410.24 | AB93: 19410.24 | AC93: =VLOOKUP(A93,[1]Detalle!$D$2:$CW$484,98,FALSE) -> CMQ_TTE - QUILMES TTE
A94: AF364MN | B94: ATEGO 1419 | C94: 3MC | D94: 3MC | E94: 0.5 | F94: Cambio De Filtro Gas Oíl Y Trampa De Agua | G94: 45461 | H94: 38855.1 | I94: 58855.1 | J94: 22989.9 | K94: -2989.9 | L94: 61845 | M94: 486 | N94: 45.422519 | O94: -63.205642 | P94: 45947 | Q94: 20000 | R94: 46387.31 | S94: 46387 | T94: =TEXT(R94, "mmmm") -> diciembre | U94: Activo | X94: C001031 | Y94: FILTRO DE COMBUSTIBLE MANN PU1046/1X | Z94: 1 | AA94: 10535.04 | AB94: 10535.04 | AC94: =VLOOKUP(A94,[1]Detalle!$D$2:$CW$484,98,FALSE) -> CMQ_TTE - QUILMES TTE
A95: AF364MN | B95: ATEGO 1419 | C95: 3MC | D95: 3MC | E95: 0.5 | F95: Cambio De Filtro Gas Oíl Y Trampa De Agua | G95: 45461 | H95: 38855.1 | I95: 58855.1 | J95: 22989.9 | K95: -2989.9 | L95: 61845 | M95: 486 | N95: 45.422519 | O95: -63.205642 | P95: 45947 | Q95: 20000 | R95: 46387.31 | S95: 46387 | T95: =TEXT(R95, "mmmm") -> diciembre | U95: Activo | X95: C003103 | Y95: FILTRO TRAMPA DE AGUA - WIX (WF 10288) | Z95: 1 | AA95: 19410.24 | AB95: 19410.24 | AC95: =VLOOKUP(A95,[1]Detalle!$D$2:$CW$484,98,FALSE) -> CMQ_TTE - QUILMES TTE
A96: GDR526 | B96: 1620 | C96: 3MC | D96: 3MC | E96: 0.5 | F96: Cambio De Filtro Gas Oíl Y Trampa De Agua | G96: 45882 | H96: 289935 | I96: 309935 | J96: 2579.9 | K96: 17420.1 | L96: 292514.9 | M96: 65 | N96: 56.324627 | O96: 438.8955 | P96: 45947 | Q96: 20000 | R96: 46247 | S96: 46247 | T96: =TEXT(R96, "mmmm") -> agosto | U96: Activo | X96: C001031 | Y96: FILTRO DE COMBUSTIBLE MANN PU1046/1X | Z96: 1 | AA96: 10535.04 | AB96: 10535.04 | AC96: =VLOOKUP(A96,[1]Detalle!$D$2:$CW$484,98,FALSE) -> Alfavinil SA
A97: GDR526 | B97: 1620 | C97: 3MC | D97: 3MC | E97: 0.5 | F97: Cambio De Filtro Gas Oíl Y Trampa De Agua | G97: 45882 | H97: 289935 | I97: 309935 | J97: 2579.9 | K97: 17420.1 | L97: 292514.9 | M97: 65 | N97: 56.324627 | O97: 438.8955 | P97: 45947 | Q97: 20000 | R97: 46247 | S97: 46247 | T97: =TEXT(R97, "mmmm") -> agosto | U97: Activo | X97: C003103 | Y97: FILTRO TRAMPA DE AGUA - WIX (WF 10288) | Z97: 1 | AA97: 19410.24 | AB97: 19410.24 | AC97: =VLOOKUP(A97,[1]Detalle!$D$2:$CW$484,98,FALSE) -> Alfavinil SA
A98: AF518DM | B98: ATEGO 1721-48 | C98: 3MC | D98: 3MC | E98: 0.5 | F98: Cambio De Filtro Gas Oíl Y Trampa De Agua | G98: 45545 | H98: 42714.2 | I98: 62714.2 | J98: 21856.56 | K98: -1856.56 | L98: 64570.76 | M98: 402 | N98: 53.502481 | O98: -34.147053 | P98: 45947 | Q98: 20000 | R98: 46320.814 | S98: 46320 | T98: =TEXT(R98, "mmmm") -> octubre | U98: Activo | X98: C001031 | Y98: FILTRO DE COMBUSTIBLE MANN PU1046/1X | Z98: 1 | AA98: 10535.04 | AB98: 10535.04 | AC98: =VLOOKUP(A98,[1]Detalle!$D$2:$CW$484,98,FALSE) -> CMQ_TTE - QUILMES TTE
A99: AF518DM | B99: ATEGO 1721-48 | C99: 3MC | D99: 3MC | E99: 0.5 | F99: Cambio De Filtro Gas Oíl Y Trampa De Agua | G99: 45545 | H99: 42714.2 | I99: 62714.2 | J99: 21856.56 | K99: -1856.56 | L99: 64570.76 | M99: 402 | N99: 53.502481 | O99: -34.147053 | P99: 45947 | Q99: 20000 | R99: 46320.814 | S99: 46320 | T99: =TEXT(R99, "mmmm") -> octubre | U99: Activo | X99: C003103 | Y99: FILTRO TRAMPA DE AGUA - WIX (WF 10288) | Z99: 1 | AA99: 19410.24 | AB99: 19410.24 | AC99: =VLOOKUP(A99,[1]Detalle!$D$2:$CW$484,98,FALSE) -> CMQ_TTE - QUILMES TTE
A100: GEB769 | B100: 1620 | C100: 3MC | D100: 3MC | E100: 0.5 | F100: Cambio De Filtro Gas Oíl Y Trampa De Agua | G100: 45546 | H100: 235609 | I100: 255609 | J100: 21825.48 | K100: -1825.48 | L100: 257434.48 | M100: 401 | N100: 61.857388 | O100: -33.539582 | P100: 45947 | Q100: 20000 | R100: 46270.324 | S100: 46270 | T100: =TEXT(R100, "mmmm") -> septiembre | U100: Activo | X100: C001031 | Y100: FILTRO DE COMBUSTIBLE MANN PU1046/1X | Z100: 1 | AA100: 10535.04 | AB100: 10535.04 | AC100: =VLOOKUP(A100,[1]Detalle!$D$2:$CW$484,98,FALSE) -> Unilever - Unilever de Arg. S.A.
A101: GEB769 | B101: 1620 | C101: 3MC | D101: 3MC | E101: 0.5 | F101: Cambio De Filtro Gas Oíl Y Trampa De Agua | G101: 45546 | H101: 235609 | I101: 255609 | J101: 21825.48 | K101: -1825.48 | L101: 257434.48 | M101: 401 | N101: 61.857388 | O101: -33.539582 | P101: 45947 | Q101: 20000 | R101: 46270.324 | S101: 46270 | T101: =TEXT(R101, "mmmm") -> septiembre | U101: Activo | X101: C003103 | Y101: FILTRO TRAMPA DE AGUA - WIX (WF 10288) | Z101: 1 | AA101: 19410.24 | AB101: 19410.24 | AC101: =VLOOKUP(A101,[1]Detalle!$D$2:$CW$484,98,FALSE) -> Unilever - Unilever de Arg. S.A.
A102: GKK500 | B102: 1624 | C102: 3MC | D102: 3MC | E102: 0.5 | F102: Cambio De Filtro Gas Oíl Y Trampa De Agua | G102: 45840 | H102: 40688 | I102: 60688 | J102: 18559.9 | K102: 1440.1 | L102: 59247.9 | M102: 107 | N102: 129.25862 | O102: 8.3023454 | P102: 45947 | Q102: 20000 | R102: 46110.031 | S102: 46110 | T102: =TEXT(R102, "mmmm") -> marzo | U102: Activo | X102: C001031 | Y102: FILTRO DE COMBUSTIBLE MANN PU1046/1X | Z102: 1 | AA102: 10535.04 | AB102: 10535.04 | AC102: =VLOOKUP(A102,[1]Detalle!$D$2:$CW$484,98,FALSE) -> SUC_MEN - Sucursal Mendoza
A103: GKK500 | B103: 1624 | C103: 3MC | D103: 3MC | E103: 0.5 | F103: Cambio De Filtro Gas Oíl Y Trampa De Agua | G103: 45840 | H103: 40688 | I103: 60688 | J103: 18559.9 | K103: 1440.1 | L103: 59247.9 | M103: 107 | N103: 129.25862 | O103: 8.3023454 | P103: 45947 | Q103: 20000 | R103: 46110.031 | S103: 46110 | T103: =TEXT(R103, "mmmm") -> marzo | U103: Activo | X103: C003103 | Y103: FILTRO TRAMPA DE AGUA - WIX (WF 10288) | Z103: 1 | AA103: 19410.24 | AB103: 19410.24 | AC103: =VLOOKUP(A103,[1]Detalle!$D$2:$CW$484,98,FALSE) -> SUC_MEN - Sucursal Mendoza
A104: GLT551 | B104: 1624 | C104: 3MC | D104: 3MC | E104: 0.5 | F104: Cambio De Filtro Gas Oíl Y Trampa De Agua | G104: 45745 | H104: 484970 | I104: 504970 | J104: 6360.2 | K104: 13639.8 | L104: 491330.2 | M104: 202 | N104: 30.732695 | O104: 433.20015 | P104: 45947 | Q104: 20000 | R104: 46380.2 | S104: 46380 | T104: =TEXT(R104, "mmmm") -> diciembre | U104: Activo | X104: C001031 | Y104: FILTRO DE COMBUSTIBLE MANN PU1046/1X | Z104: 1 | AA104: 10535.04 | AB104: 10535.04 | AC104: =VLOOKUP(A104,[1]Detalle!$D$2:$CW$484,98,FALSE) -> CCU_MZA - Comp. Cerv. Unidas - MZA
A105: GLT551 | B105: 1624 | C105: 3MC | D105: 3MC | E105: 0.5 | F105: Cambio De Filtro Gas Oíl Y Trampa De Agua | G105: 45745 | H105: 484970 | I105: 504970 | J105: 6360.2 | K105: 13639.8 | L105: 491330.2 | M105: 202 | N105: 30.732695 | O105: 433.20015 | P105: 45947 | Q105: 20000 | R105: 46380.2 | S105: 46380 | T105: =TEXT(R105, "mmmm") -> diciembre | U105: Activo | X105: C003103 | Y105: FILTRO TRAMPA DE AGUA - WIX (WF 10288) | Z105: 1 | AA105: 19410.24 | AB105: 19410.24 | AC105: =VLOOKUP(A105,[1]Detalle!$D$2:$CW$484,98,FALSE) -> CCU_MZA - Comp. Cerv. Unidas - MZA
A106: GRE073 | B106: 1624 | C106: 3MC | D106: 3MC | E106: 0.5 | F106: Cambio De Filtro Gas Oíl Y Trampa De Agua | G106: 45846 | H106: 10340 | I106: 30340 | J106: 5338.4 | K106: 14661.6 | L106: 15678.4 | M106: 101 | N106: 29.350545 | O106: 277.39053 | P106: 45947 | Q106: 20000 | R106: 46224.391 | S106: 46224 | T106: =TEXT(R106, "mmmm") -> julio | U106: Activo | X106: C001031 | Y106: FILTRO DE COMBUSTIBLE MANN PU1046/1X | Z106: 1 | AA106: 10535.04 | AB106: 10535.04 | AC106: =VLOOKUP(A106,[1]Detalle!$D$2:$CW$484,98,FALSE) -> SUC_MEN - Sucursal Mendoza
A107: GRE073 | B107: 1624 | C107: 3MC | D107: 3MC | E107: 0.5 | F107: Cambio De Filtro Gas Oíl Y Trampa De Agua | G107: 45846 | H107: 10340 | I107: 30340 | J107: 5338.4 | K107: 14661.6 | L107: 15678.4 | M107: 101 | N107: 29.350545 | O107: 277.39053 | P107: 45947 | Q107: 20000 | R107: 46224.391 | S107: 46224 | T107: =TEXT(R107, "mmmm") -> julio | U107: Activo | X107: C003103 | Y107: FILTRO TRAMPA DE AGUA - WIX (WF 10288) | Z107: 1 | AA107: 19410.24 | AB107: 19410.24 | AC107: =VLOOKUP(A107,[1]Detalle!$D$2:$CW$484,98,FALSE) -> SUC_MEN - Sucursal Mendoza
A108: FGV321 | B108: 1218 | C108: 3MC | D108: 3MC | E108: 0.5 | F108: Cambio De Filtro Gas Oíl Y Trampa De Agua | G108: 45769 | H108: 302541 | I108: 322541 | J108: 8078.8 | K108: 11921.2 | L108: 310619.8 | M108: 178 | N108: 40.451194 | O108: 262.6595 | P108: 45947 | Q108: 20000 | R108: 46209.66 | S108: 46209 | T108: =TEXT(R108, "mmmm") -> julio | U108: Activo | X108: C001031 | Y108: FILTRO DE COMBUSTIBLE MANN PU1046/1X | Z108: 1 | AA108: 10535.04 | AB108: 10535.04 | AC108: =VLOOKUP(A108,[1]Detalle!$D$2:$CW$484,98,FALSE) -> CCUCoAZA
A109: FGV321 | B109: 1218 | C109: 3MC | D109: 3MC | E109: 0.5 | F109: Cambio De Filtro Gas Oíl Y Trampa De Agua | G109: 45769 | H109: 302541 | I109: 322541 | J109: 8078.8 | K109: 11921.2 | L109: 310619.8 | M109: 178 | N109: 40.451194 | O109: 262.6595 | P109: 45947 | Q109: 20000 | R109: 46209.66 | S109: 46209 | T109: =TEXT(R109, "mmmm") -> julio | U109: Activo | X109: C003103 | Y109: FILTRO TRAMPA DE AGUA - WIX (WF 10288) | Z109: 1 | AA109: 19410.24 | AB109: 19410.24 | AC109: =VLOOKUP(A109,[1]Detalle!$D$2:$CW$484,98,FALSE) -> CCUCoAZA
A110: FHK364 | B110: 1620 | C110: 3MC | D110: 3MC | E110: 0.5 | F110: Cambio De Filtro Gas Oíl Y Trampa De Agua | G110: 45831 | H110: 358562 | I110: 378562 | J110: 10154.9 | K110: 9845.1 | L110: 368716.9 | M110: 116 | N110: 95.559667 | O110: 112.46114 | P110: 45947 | Q110: 20000 | R110: 46059.461 | S110: 46059 | T110: =TEXT(R110, "mmmm") -> febrero | U110: Activo | X110: C001031 | Y110: FILTRO DE COMBUSTIBLE MANN PU1046/1X | Z110: 1 | AA110: 10535.04 | AB110: 10535.04 | AC110: =VLOOKUP(A110,[1]Detalle!$D$2:$CW$484,98,FALSE) -> SUC_CTC - Sucursal Buenos Aires
A111: FHK364 | B111: 1620 | C111: 3MC | D111: 3MC | E111: 0.5 | F111: Cambio De Filtro Gas Oíl Y Trampa De Agua | G111: 45831 | H111: 358562 | I111: 378562 | J111: 10154.9 | K111: 9845.1 | L111: 368716.9 | M111: 116 | N111: 95.559667 | O111: 112.46114 | P111: 45947 | Q111: 20000 | R111: 46059.461 | S111: 46059 | T111: =TEXT(R111, "mmmm") -> febrero | U111: Activo | X111: C003103 | Y111: FILTRO TRAMPA DE AGUA - WIX (WF 10288) | Z111: 1 | AA111: 19410.24 | AB111: 19410.24 | AC111: =VLOOKUP(A111,[1]Detalle!$D$2:$CW$484,98,FALSE) -> SUC_CTC - Sucursal Buenos Aires
... A117: GJC631 | B117: 1624 | C117: 3MC | D117: 3MC | E117: 0.5 | F117: Cambio De Filtro Gas Oíl Y Trampa De Agua | G117: 45812 | H117: 176121 | I117: 196121 | J117: 5745.4 | K117: 14254.6 | L117: 181866.4 | M117: 135 | N117: 35.012606 | O117: 334.94117 | P117: 45947 | Q117: 20000 | R117: 46281.941 | S117: 46281 | T117: =TEXT(R117, "mmmm") -> septiembre | U117: Activo | X117: C003103 | Y117: FILTRO TRAMPA DE AGUA - WIX (WF 10288) | Z117: 1 | AA117: 19410.24 | AB117: 19410.24 | AC117: =VLOOKUP(A117,[1]Detalle!$D$2:$CW$484,98,FALSE) -> CCUCoAZA
A118: JCF735 | B118: L-1318 | C118: 3MC | D118: 3MC | E118: 0.5 | F118: Cambio De Filtro Gas Oíl Y Trampa De Agua | G118: 45748 | H118: 11411.6 | I118: 31411.6 | J118: 6802.9 | K118: 13197.1 | L118: 18214.5 | M118: 199 | N118: 28.602839 | O118: 386.04461 | P118: 45947 | Q118: 20000 | R118: 46333.045 | S118: 46333 | T118: =TEXT(R118, "mmmm") -> noviembre | U118: Activo | X118: C001031 | Y118: FILTRO DE COMBUSTIBLE MANN PU1046/1X | Z118: 1 | AA118: 10535.04 | AB118: 10535.04 | AC118: =VLOOKUP(A118,[1]Detalle!$D$2:$CW$484,98,FALSE) -> CCU_MZA - Comp. Cerv. Unidas - MZA
A119: JCF735 | B119: L-1318 | C119: 3MC | D119: 3MC | E119: 0.5 | F119: Cambio De Filtro Gas Oíl Y Trampa De Agua | G119: 45748 | H119: 11411.6 | I119: 31411.6 | J119: 6802.9 | K119: 13197.1 | L119: 18214.5 | M119: 199 | N119: 28.602839 | O119: 386.04461 | P119: 45947 | Q119: 20000 | R119: 46333.045 | S119: 46333 | T119: =TEXT(R119, "mmmm") -> noviembre | U119: Activo | X119: C003103 | Y119: FILTRO TRAMPA DE AGUA - WIX (WF 10288) | Z119: 1 | AA119: 19410.24 | AB119: 19410.24 | AC119: =VLOOKUP(A119,[1]Detalle!$D$2:$CW$484,98,FALSE) -> CCU_MZA - Comp. Cerv. Unidas - MZA
A120: GJQ699 | B120: 1624 | C120: 3MC | D120: 3MC | E120: 0.5 | F120: Cambio De Filtro Gas Oíl Y Trampa De Agua | G120: 45813 | H120: 230027 | I120: 250027 | J120: 5321.3 | K120: 14678.7 | L120: 235348.3 | M120: 134 | N120: 37.87929 | O120: 369.63633 | P120: 45947 | Q120: 20000 | R120: 46316.636 | S120: 46316 | T120: =TEXT(R120, "mmmm") -> octubre | U120: Activo | X120: C001031 | Y120: FILTRO DE COMBUSTIBLE MANN PU1046/1X | Z120: 1 | AA120: 10535.04 | AB120: 10535.04 | AC120: =VLOOKUP(A120,[1]Detalle!$D$2:$CW$484,98,FALSE) -> CCUDyAZA
A121: GJQ699 | B121: 1624 | C121: 3MC | D121: 3MC | E121: 0.5 | F121: Cambio De Filtro Gas Oíl Y Trampa De Agua | G121: 45813 | H121: 230027 | I121: 250027 | J121: 5321.3 | K121: 14678.7 | L121: 235348.3 | M121: 134 | N121: 37.87929 | O121: 369.63633 | P121: 45947 | Q121: 20000 | R121: 46316.636 | S121: 46316 | T121: =TEXT(R121, "mmmm") -> octubre | U121: Activo | X121: C003103 | Y121: FILTRO TRAMPA DE AGUA - WIX (WF 10288) | Z121: 1 | AA121: 19410.24 | AB121: 19410.24 | AC121: =VLOOKUP(A121,[1]Detalle!$D$2:$CW$484,98,FALSE) -> CCUDyAZA
A122: GLT550 | B122: 1624 | C122: 3MC | D122: 3MC | E122: 0.5 | F122: Cambio De Filtro Gas Oíl Y Trampa De Agua | G122: 45744 | H122: 298685 | I122: 318685 | J122: 8864.1 | K122: 11135.9 | L122: 307549.1 | M122: 203 | N122: 39.137363 | O122: 255.02732 | P122: 45947 | Q122: 20000 | R122: 46202.027 | S122: 46202 | T122: =TEXT(R122, "mmmm") -> junio | U122: Activo | X122: C001031 | Y122: FILTRO DE COMBUSTIBLE MANN PU1046/1X | Z122: 1 | AA122: 10535.04 | AB122: 10535.04 | AC122: =VLOOKUP(A122,[1]Detalle!$D$2:$CW$484,98,FALSE) -> CCUDyAZA
A123: GLT550 | B123: 1624 | C123: 3MC | D123: 3MC | E123: 0.5 | F123: Cambio De Filtro Gas Oíl Y Trampa De Agua | G123: 45744 | H123: 298685 | I123: 318685 | J123: 8864.1 | K123: 11135.9 | L123: 307549.1 | M123: 203 | N123: 39.137363 | O123: 255.02732 | P123: 45947 | Q123: 20000 | R123: 46202.027 | S123: 46202 | T123: =TEXT(R123, "mmmm") -> junio | U123: Activo | X123: C003103 | Y123: FILTRO TRAMPA DE AGUA - WIX (WF 10288) | Z123: 1 | AA123: 19410.24 | AB123: 19410.24 | AC123: =VLOOKUP(A123,[1]Detalle!$D$2:$CW$484,98,FALSE) -> CCUDyAZA
A124: KHS012 | B124: ATEGO 1418/48 FRONTAL | C124: 3MC | D124: 3MC | E124: 0.5 | F124: Cambio De Filtro Gas Oíl Y Trampa De Agua | G124: 45603 | H124: 342438 | I124: 362438 | J124: 22886.28 | K124: -2886.28 | L124: 365324.28 | M124: 344 | N124: 66.65197 | O124: -43.383211 | P124: 45947 | Q124: 20000 | R124: 46247.066 | S124: 46247 | T124: =TEXT(R124, "mmmm") -> agosto | U124: Activo | X124: C001031 | Y124: FILTRO DE COMBUSTIBLE MANN PU1046/1X | Z124: 1 | AA124: 10535.04 | AB124: 10535.04 | AC124: =VLOOKUP(A124,[1]Detalle!$D$2:$CW$484,98,FALSE) -> Topacio
A125: KHS012 | B125: ATEGO 1418/48 FRONTAL | C125: 3MC | D125: 3MC | E125: 0.5 | F125: Cambio De Filtro Gas Oíl Y Trampa De Agua | G125: 45603 | H125: 342438 | I125: 362438 | J125: 22886.28 | K125: -2886.28 | L125: 365324.28 | M125: 344 | N125: 66.65197 | O125: -43.383211 | P125: 45947 | Q125: 20000 | R125: 46247.066 | S125: 46247 | T125: =TEXT(R125, "mmmm") -> agosto | U125: Activo | X125: C003103 | Y125: FILTRO TRAMPA DE AGUA - WIX (WF 10288) | Z125: 1 | AA125: 19410.24 | AB125: 19410.24 | AC125: =VLOOKUP(A125,[1]Detalle!$D$2:$CW$484,98,FALSE) -> Topacio
A126: GMJ025 | B126: 1624 | C126: 3MC | D126: 3MC | E126: 0.5 | F126: Cambio De Filtro Gas Oíl Y Trampa De Agua | G126: 45912 | H126: 723287 | I126: 743287 | J126: 0 | K126: 20000 | L126: 723287 | M126: 35 | N126: 1.7600651 | O126: 200 | P126: 45947 | Q126: 20000 | R126: 46147 | S126: 46147 | T126: =TEXT(R126, "mmmm") -> mayo | U126: Activo | X126: C001031 | Y126: FILTRO DE COMBUSTIBLE MANN PU1046/1X | Z126: 1 | AA126: 10535.04 | AB126: 10535.04 | AC126: =VLOOKUP(A126,[1]Detalle!$D$2:$CW$484,98,FALSE) -> CENCO_MZ - Cencosud SA - Mendoza
A127: GMJ025 | B127: 1624 | C127: 3MC | D127: 3MC | E127: 0.5 | F127: Cambio De Filtro Gas Oíl Y Trampa De Agua | G127: 45912 | H127: 723287 | I127: 743287 | J127: 0 | K127: 20000 | L127: 723287 | M127: 35 | N127: 1.7600651 | O127: 200 | P127: 45947 | Q127: 20000 | R127: 46147 | S127: 46147 | T127: =TEXT(R127, "mmmm") -> mayo | U127: Activo | X127: C003103 | Y127: FILTRO TRAMPA DE AGUA - WIX (WF 10288) | Z127: 1 | AA127: 19410.24 | AB127: 19410.24 | AC127: =VLOOKUP(A127,[1]Detalle!$D$2:$CW$484,98,FALSE) -> CENCO_MZ - Cencosud SA - Mendoza
A128: GQN688 | B128: 1624 | C128: 3MC | D128: 3MC | E128: 0.5 | F128: Cambio De Filtro Gas Oíl Y Trampa De Agua | G128: 45908 | H128: 82173.4 | I128: 102173.4 | J128: 5556.5 | K128: 14443.5 | L128: 87729.9 | M128: 39 | N128: 215.45547 | O128: 101.37614 | P128: 45947 | Q128: 20000 | R128: 46048.376 | S128: 46048 | T128: =TEXT(R128, "mmmm") -> enero | U128: Activo | X128: C001031 | Y128: FILTRO DE COMBUSTIBLE MANN PU1046/1X | Z128: 1 | AA128: 10535.04 | AB128: 10535.04 | AC128: =VLOOKUP(A128,[1]Detalle!$D$2:$CW$484,98,FALSE) -> Expreso - Servicios Troncales
A129: GQN688 | B129: 1624 | C129: 3MC | D129: 3MC | E129: 0.5 | F129: Cambio De Filtro Gas Oíl Y Trampa De Agua | G129: 45908 | H129: 82173.4 | I129: 102173.4 | J129: 5556.5 | K129: 14443.5 | L129: 87729.9 | M129: 39 | N129: 215.45547 | O129: 101.37614 | P129: 45947 | Q129: 20000 | R129: 46048.376 | S129: 46048 | T129: =TEXT(R129, "mmmm") -> enero | U129: Activo | X129: C003103 | Y129: FILTRO TRAMPA DE AGUA - WIX (WF 10288) | Z129: 1 | AA129: 19410.24 | AB129: 19410.24 | AC129: =VLOOKUP(A129,[1]Detalle!$D$2:$CW$484,98,FALSE) -> Expreso - Servicios Troncales
A130: GNY198 | B130: 1624 | C130: 3MC | D130: 3MC | E130: 0.5 | F130: Cambio De Filtro Gas Oíl Y Trampa De Agua | G130: 45848 | H130: 234133 | I130: 254133 | J130: 4079.8 | K130: 15920.2 | L130: 238212.8 | M130: 99 | N130: 38.995387 | O130: 386.31791 | P130: 45947 | Q130: 20000 | R130: 46333.318 | S130: 46333 | T130: =TEXT(R130, "mmmm") -> noviembre | U130: Activo | X130: C001031 | Y130: FILTRO DE COMBUSTIBLE MANN PU1046/1X | Z130: 1 | AA130: 10535.04 | AB130: 10535.04 | AC130: =VLOOKUP(A130,[1]Detalle!$D$2:$CW$484,98,FALSE) -> CCUCoAZA
A131: GNY198 | B131: 1624 | C131: 3MC | D131: 3MC | E131: 0.5 | F131: Cambio De Filtro Gas Oíl Y Trampa De Agua | G131: 45848 | H131: 234133 | I131: 254133 | J131: 4079.8 | K131: 15920.2 | L131: 238212.8 | M131: 99 | N131: 38.995387 | O131: 386.31791 | P131: 45947 | Q131: 20000 | R131: 46333.318 | S131: 46333 | T131: =TEXT(R131, "mmmm") -> noviembre | U131: Activo | X131: C003103 | Y131: FILTRO TRAMPA DE AGUA - WIX (WF 10288) | Z131: 1 | AA131: 19410.24 | AB131: 19410.24 | AC131: =VLOOKUP(A131,[1]Detalle!$D$2:$CW$484,98,FALSE) -> CCUCoAZA
A132: GFZ651 | B132: 1624 | C132: 3MC | D132: 3MC | E132: 0.5 | F132: Cambio De Filtro Gas Oíl Y Trampa De Agua | G132: 45883 | H132: 377434 | I132: 397434 | J132: 3731.5 | K132: 16268.5 | L132: 381165.5 | M132: 64 | N132: 73.269176 | O132: 279.02559 | P132: 45947 | Q132: 20000 | R132: 46226.026 | S132: 46226 | T132: =TEXT(R132, "mmmm") -> julio | U132: Activo | X132: C001031 | Y132: FILTRO DE COMBUSTIBLE MANN PU1046/1X | Z132: 1 | AA132: 10535.04 | AB132: 10535.04 | AC132: =VLOOKUP(A132,[1]Detalle!$D$2:$CW$484,98,FALSE) -> SUC_CTC - Sucursal Buenos Aires
A133: GFZ651 | B133: 1624 | C133: 3MC | D133: 3MC | E133: 0.5 | F133: Cambio De Filtro Gas Oíl Y Trampa De Agua | G133: 45883 | H133: 377434 | I133: 397434 | J133: 3731.5 | K133: 16268.5 | L133: 381165.5 | M133: 64 | N133: 73.269176 | O133: 279.02559 | P133: 45947 | Q133: 20000 | R133: 46226.026 | S133: 46226 | T133: =TEXT(R133, "mmmm") -> julio | U133: Activo | X133: C003103 | Y133: FILTRO TRAMPA DE AGUA - WIX (WF 10288) | Z133: 1 | AA133: 19410.24 | AB133: 19410.24 | AC133: =VLOOKUP(A133,[1]Detalle!$D$2:$CW$484,98,FALSE) -> SUC_CTC - Sucursal Buenos Aires
A134: FJT707 | B134: 1218 | C134: 3MC | D134: 3MC | E134: 0.5 | F134: Cambio De Filtro Gas Oíl Y Trampa De Agua | G134: 45617 | H134: 17571.7 | I134: 37571.7 | J134: 31178.54 | K134: -11178.54 | L134: 48750.24 | M134: 330 | N134: 86.918457 | O134: -118.31594 | P134: 45947 | Q134: 20000 | R134: 46177.101 | S134: 46177 | T134: =TEXT(R134, "mmmm") -> junio | U134: Activo | X134: C001031 | Y134: FILTRO DE COMBUSTIBLE MANN PU1046/1X | Z134: 1 | AA134: 10535.04 | AB134: 10535.04 | AC134: =VLOOKUP(A134,[1]Detalle!$D$2:$CW$484,98,FALSE) -> SUC_MEN - Sucursal Mendoza
A135: FJT707 | B135: 1218 | C135: 3MC | D135: 3MC | E135: 0.5 | F135: Cambio De Filtro Gas Oíl Y Trampa De Agua | G135: 45617 | H135: 17571.7 | I135: 37571.7 | J135: 31178.54 | K135: -11178.54 | L135: 48750.24 | M135: 330 | N135: 86.918457 | O135: -118.31594 | P135: 45947 | Q135: 20000 | R135: 46177.101 | S135: 46177 | T135: =TEXT(R135, "mmmm") -> junio | U135: Activo | X135: C003103 | Y135: FILTRO TRAMPA DE AGUA - WIX (WF 10288) | Z135: 1 | AA135: 19410.24 | AB135: 19410.24 | AC135: =VLOOKUP(A135,[1]Detalle!$D$2:$CW$484,98,FALSE) -> SUC_MEN - Sucursal Mendoza
A136: GLT552 | B136: 1624 | C136: 3MC | D136: 3MC | E136: 0.5 | F136: Cambio De Filtro Gas Oíl Y Trampa De Agua | G136: 45862 | H136: 484180 | I136: 504180 | J136: 6154.3 | K136: 13845.7 | L136: 490334.3 | M136: 85 | N136: 131.11994 | O136: 191.22963 | P136: 45947 | Q136: 20000 | R136: 46138.23 | S136: 46138 | T136: =TEXT(R136, "mmmm") -> abril | U136: Activo | X136: C001031 | Y136: FILTRO DE COMBUSTIBLE MANN PU1046/1X | Z136: 1 | AA136: 10535.04 | AB136: 10535.04 | AC136: =VLOOKUP(A136,[1]Detalle!$D$2:$CW$484,98,FALSE) -> Unilever - Unilever de Arg. S.A.
A137: GLT552 | B137: 1624 | C137: 3MC | D137: 3MC | E137: 0.5 | F137: Cambio De Filtro Gas Oíl Y Trampa De Agua | G137: 45862 | H137: 484180 | I137: 504180 | J137: 6154.3 | K137: 13845.7 | L137: 490334.3 | M137: 85 | N137: 131.11994 | O137: 191.22963 | P137: 45947 | Q137: 20000 | R137: 46138.23 | S137: 46138 | T137: =TEXT(R137, "mmmm") -> abril | U137: Activo | X137: C003103 | Y137: FILTRO TRAMPA DE AGUA - WIX (WF 10288) | Z137: 1 | AA137: 19410.24 | AB137: 19410.24 | AC137: =VLOOKUP(A137,[1]Detalle!$D$2:$CW$484,98,FALSE) -> Unilever - Unilever de Arg. S.A.
A138: GOX958 | B138: L-1318 | C138: 3MC | D138: 3MC | E138: 0.5 | F138: Cambio De Filtro Gas Oíl Y Trampa De Agua | G138: 45905 | H138: 733433 | I138: 753433 | J138: 2805.7 | K138: 17194.3 | L138: 736238.7 | M138: 42 | N138: 143.50707 | O138: 257.39053 | P138: 45947 | Q138: 20000 | R138: 46204.391 | S138: 46204 | T138: =TEXT(R138, "mmmm") -> julio | U138: Activo | X138: C001031 | Y138: FILTRO DE COMBUSTIBLE MANN PU1046/1X | Z138: 1 | AA138: 10535.04 | AB138: 10535.04 | AC138: =VLOOKUP(A138,[1]Detalle!$D$2:$CW$484,98,FALSE) -> Papelera - Papelera del Plata S.A.
A139: GOX958 | B139: L-1318 | C139: 3MC | D139: 3MC | E139: 0.5 | F139: Cambio De Filtro Gas Oíl Y Trampa De Agua | G139: 45905 | H139: 733433 | I139: 753433 | J139: 2805.7 | K139: 17194.3 | L139: 736238.7 | M139: 42 | N139: 143.50707 | O139: 257.39053 | P139: 45947 | Q139: 20000 | R139: 46204.391 | S139: 46204 | T139: =TEXT(R139, "mmmm") -> julio | U139: Activo | X139: C003103 | Y139: FILTRO TRAMPA DE AGUA - WIX (WF 10288) | Z139: 1 | AA139: 19410.24 | AB139: 19410.24 | AC139: =VLOOKUP(A139,[1]Detalle!$D$2:$CW$484,98,FALSE) -> Papelera - Papelera del Plata S.A.
A140: GTE288 | B140: 1624 | C140: 3MC | D140: 3MC | E140: 0.5 | F140: Cambio De Filtro Gas Oíl Y Trampa De Agua | G140: 45762 | H140: 779819 | I140: 799819 | J140: 16921.5 | K140: 3078.5 | L140: 796740.5 | M140: 185 | N140: 75.425497 | O140: 33.656738 | P140: 45947 | Q140: 20000 | R140: 46245.819 | S140: 46245 | T140: =TEXT(R140, "mmmm") -> agosto | U140: Activo | X140: C001031 | Y140: FILTRO DE COMBUSTIBLE MANN PU1046/1X | Z140: 1 | AA140: 10535.04 | AB140: 10535.04 | AC140: =VLOOKUP(A140,[1]Detalle!$D$2:$CW$484,98,FALSE) -> JOHNSON - SC JOHNSON DE ARGENTINA SAIC
A141: GTE288 | B141: 1624 | C141: 3MC | D141: 3MC | E141: 0.5 | F141: Cambio De Filtro Gas Oíl Y Trampa De Agua | G141: 45762 | H141: 779819 | I141: 799819 | J141: 16921.5 | K141: 3078.5 | L141: 796740.5 | M141: 185 | N141: 75.425497 | O141: 33.656738 | P141: 45947 | Q141: 20000 | R141: 46245.819 | S141: 46245 | T141: =TEXT(R141, "mmmm") -> agosto | U141: Activo | X141: C003103 | Y141: FILTRO TRAMPA DE AGUA - WIX (WF 10288) | Z141: 1 | AA141: 19410.24 | AB141: 19410.24 | AC141: =VLOOKUP(A141,[1]Detalle!$D$2:$CW$484,98,FALSE) -> JOHNSON - SC JOHNSON DE ARGENTINA SAIC
A142: GOR397 | B142: 1624 | C142: 3MC | D142: 3MC | E142: 0.5 | F142: Cambio De Filtro Gas Oíl Y Trampa De Agua | G142: 45723 | H142: 27910.9 | I142: 47910.9 | J142: 19185.9 | K142: 814.1 | L142: 47096.8 | M142: 224 | N142: 76.974301 | O142: 9.5048134 | P142: 45947 | Q142: 20000 | R142: 46216.332 | S142: 46216 | T142: =TEXT(R142, "mmmm") -> julio | U142: Activo | X142: C001031 | Y142: FILTRO DE COMBUSTIBLE MANN PU1046/1X | Z142: 1 | AA142: 10535.04 | AB142: 10535.04 | AC142: =VLOOKUP(A142,[1]Detalle!$D$2:$CW$484,98,FALSE) -> SUC_SLU - Sucursal San Luis
...

Sheet Hoja11
A1: ADA_CH - Danone Arg. S.A. - Chascomus
A2: AGN_TTE - AGUANORT - Transporte
A3: Alfavini - Alfavinil
A4: Arcor - Arcor
A5: CCU_MZA - Compañía Industrial Cervecera
A6: CCUCoAZA - Compañía Industrial Cer Alianz
A7: CCUDyAZA - Compañía Industrial Cer Alianz
A8: CENCO_MZ - Cencosud SA - Mendoza
A9: CENCO_SJ - Cencosud SA - San Juan
A10: CENCOMLD - Cencosud MZA Larga Distancia
A11: CIMSA_BS AS
A12: CIMSA_SRA
... A27: Unilever - Unilever de Arg. S.A.

Sheet Hoja1
B1: ene | C1: feb | D1: mar | E1: abr | F1: may | G1: jun | H1: jul | I1: ago | J1: sep | K1: oct | L1: nov | M1: dic | N1: Total general
A2: Etiquetas de fila
A3: ADA_CH - Danone Arg. S.A. - Chascomus | B3: 1411247.5 | C3: 490552.56 | D3: 369732.1 | E3: 735828.84 | F3: 1043856.8 | H3: 245276.28 | I3: 430142.33 | N3: 4726636.4
A4: AGN_TTE - AGUANORT - Transporte | L4: 142474.88 | N4: 142474.88
A5: CENCO_MZ - Cencosud SA - Mendoza | B5: 399065.12 | D5: 129862.88 | F5: 767580.58 | G5: 125503.36 | H5: 129862.88 | J5: 143698.88 | K5: 67111.2 | N5: 1762684.9
A6: CENCO_SJ - Cencosud SA - San Juan | C6: 136395.2 | E6: 62751.68 | I6: 67111.2 | N6: 266258.08
A7: CIMSA_BS AS | C7: 125015.94 | I7: 133903.95 | L7: 44741.59 | N7: 303661.48
A8: CIMSA_SRA | G8: 15918.62 | H8: 28822.97 | N8: 44741.59
A9: CMQ_TTE - QUILMES TTE | C9: 284638.6 | D9: 521516.9 | E9: 467082.02 | F9: 476271.52 | G9: 582041.13 | H9: 696546 | I9: 416987.04 | J9: 1249616.4 | K9: 1068843.6 | L9: 2094632.5 | M9: 1022668.4 | N9: 8880844.1
A10: Expreso - Servicios Troncales | B10: 2627468.2 | C10: 743178.48 | D10: 966052.43 | E10: 444802.2 | F10: 615008.38 | G10: 650674.83 | H10: 252625.92 | I10: 437491.97 | J10: 111434.28 | N10: 6848736.7
A11: JOHNSON - SC JOHNSON DE ARGENTINA SAIC | D11: 451124.13 | I11: 396120.96 | N11: 847245.09
A12: Papelera - Papelera del Plata S.A. | C12: 136395.2 | D12: 309956.32 | E12: 136395.2 | F12: 92696.96 | G12: 189479.04 | H12: 134222.4 | I12: 129862.88 | J12: 388625.92 | K12: 259459.84 | L12: 67111.2 | N12: 1844205
A13: Sin Operación | B13: 301197.21 | C13: 586108.48 | D13: 301577.28 | E13: 173204.32 | F13: 178512.64 | G13: 125503.36 | H13: 115760.96 | J13: 188180.48 | M13: 110452.64 | N13: 2080497.4
A14: SUC_CTC - Sucursal Buenos Aires | B14: 66997.85 | C14: 72419.52 | D14: 121902.81 | G14: 62751.68 | H14: 244421.83 | K14: 11957.23 | L14: 41191.41 | N14: 621642.33
A15: SUC_GAL - Sucursal General Alvear | G15: 125503.36 | N15: 125503.36
A16: SUC_MAL - Sucursal Malargüe | B16: 62751.68 | N16: 62751.68
A17: SUC_MEN - Sucursal Mendoza | B17: 18045.55 | C17: 225760.07 | D17: 136395.2 | E17: 129862.88 | F17: 18045.55 | G17: 219843.96 | H17: 244421.83 | I17: 266258.08 | K17: 53148.64 | L17: 129862.88 | N17: 1441644.6
A18: SUC_REA - Sucursal Realicó | C18: 62751.68 | D18: 37165.92 | E18: 67111.2 | H18: 125503.36 | J18: 104277.12 | M18: 110452.64 | N18: 507261.92
A19: SUC_ROS - Sucursal Rosario | E19: 18045.55 | F19: 103857.26 | I19: 18045.55 | J19: 89981.08 | N19: 229929.44
A20: SUC_SLU - Sucursal San Luis | B20: 121902.81 | H20: 136395.2 | N20: 258298.01
A21: SUC_SRA - Sucursal San Rafael | B21: 387514.22 | F21: 72419.52 | H21: 62751.68 | J21: 136395.2 | K21: 188255.04 | M21: 72419.52 | N21: 919755.18
A22: Unilever - Unilever de Arg. S.A. | B22: 97056.48 | E22: 272790.4 | F22: 136395.2 | G22: 483930.53 | H22: 121902.81 | I22: 254075.12 | J22: 413374.96 | K22: 62751.68 | M22: 266258.08 | N22: 2108535.3
A23: CIMSA_MZA | M23: 133759.12 | N23: 133759.12
A24: CCU_MZA - Compañía Industrial Cervecera | C24: 142474.88 | E24: 199146.88 | F24: 62751.68 | H24: 136395.2 | L24: 166340.48 | M24: 136395.2 | N24: 843504.32
A25: CCUDyAZA - Compañía Industrial Cer Alianz | C25: 111434.28 | D25: 251006.72 | E25: 329009.76 | F25: 251006.72 | G25: 421706.72 | H25: 229780.48 | I25: 99917.6 | J25: 865938.24 | K25: 272790.4 | L25: 123064.64 | M25: 389588.64 | N25: 3345244.2
A26: CCUCoAZA - Compañía Industrial Cer Alianz | D26: 188255.04 | E26: 129862.88 | F26: 125503.36 | G26: 67111.2 | H26: 296891.68 | I26: 535956.48 | J26: 265034.08 | K26: 551207.84 | L26: 266258.08 | N26: 2426080.6
A27: Topacio - Topacio | C27: 136395.2 | I27: 142474.88 | N27: 278870.08
A28: Arcor - Arcor | B28: 184866.05 | D28: 62751.68 | E28: 184866.05 | F28: 257285.57 | G28: 184866.05 | H28: 184866.05 | I28: 407734.61 | J28: 111434.28 | M28: 184866.05 | N28: 1763536.4
A29: Alfavini - Alfavinil | I29: 135171.2 | N29: 135171.2
A30: CENCOMLD - Cencosud MZA Larga Distancia | B30: 653586.54 | C30: 499889.77 | D30: 214811.33 | F30: 299689.32 | G30: 328564.93 | H30: 62751.68 | J30: 407734.61 | N30: 2467028.2
A31: LlaveLay | C31: 9054.85 | D31: 44093.79 | I31: 20353.94 | N31: 73502.58

Sheet Sheet1 (2)
A1: Patente | B1: Plan Asociado | C1: Plan | D1: Descripsion | E1: Ultima Fecha Cambio | F1: Km cambio | G1: Proximo KM | H1: Recorrido | I1: Km Restante | J1: Km Actaul | K1: Días transcurridos | L1: PromedioKmdiarios | M1: DıasRestantesestimados | N1: Fecha Actual | O1: Frecuencia | P1: Fecha Plan Prox | Q1: Estado | R1: Unnamed: 18 | S1: Unnamed: 19 | T1: Código | U1: Descripción | V1: Cantidad | W1: Valor | X1: Valor Total | Y1: CC
A2: AB320YQ | B2: 2MC | C2: 2MC | D2: Cambio De Aceite Y Filtro De Motor | E2: 45745 | F2: 24484.4 | G2: 44484.4 | H2: 12540.1 | I2: 7459.9 | J2: 37024.5 | K2: 202 | L2: 67.727481 | M2: 120.16649 | N2: 45947 | O2: 20000 | P2: 46067.166 | Q2: Activo | T2: C000313 | U2: ACEITE 15W40 XV300 X 205LT (TAMBOR) | V2: 16 | W2: 3389.9 | X2: 54238.4 | Y2: =VLOOKUP(A2,[1]Detalle!$D$2:$CR$484,93,FALSE) -> CCU_MZA - Comp. Cerv. Unidas - MZA
A3: AB320YQ | B3: 2MC | C3: 2MC | D3: Cambio De Aceite Y Filtro De Motor | E3: 45745 | F3: 24484.4 | G3: 44484.4 | H3: 12540.1 | I3: 7459.9 | J3: 37024.5 | K3: 202 | L3: 67.727481 | M3: 120.16649 | N3: 45947 | O3: 20000 | P3: 46067.166 | Q3: Activo | T3: C002301 | U3: FILTRO DE ACEITE 6 CILINDROS MB 1318/1218/1215/914/712/1418/915/815 - MANN HU931/5X | V3: 1 | W3: 8513.28 | X3: 8513.28 | Y3: =VLOOKUP(A3,[1]Detalle!$D$2:$CR$484,93,FALSE) -> CCU_MZA - Comp. Cerv. Unidas - MZA
A4: AF088ED | B4: 2MC | C4: 2MC | D4: Cambio De Aceite Y Filtro De Motor | E4: 45827 | F4: 68428.5 | G4: 88428.5 | H4: 5182.2 | I4: 14817.8 | J4: 73610.7 | K4: 120 | L4: 48.244391 | M4: 343.12377 | N4: 45947 | O4: 20000 | P4: 46290.124 | Q4: Activo | T4: C000313 | U4: ACEITE 15W40 XV300 X 205LT (TAMBOR) | V4: 16 | W4: 3389.9 | X4: 54238.4 | Y4: =VLOOKUP(A4,[1]Detalle!$D$2:$CR$484,93,FALSE) -> CMQ_TTE - QUILMES TTE
A5: AF088ED | B5: 2MC | C5: 2MC | D5: Cambio De Aceite Y Filtro De Motor | E5: 45827 | F5: 68428.5 | G5: 88428.5 | H5: 5182.2 | I5: 14817.8 | J5: 73610.7 | K5: 120 | L5: 48.244391 | M5: 343.12377 | N5: 45947 | O5: 20000 | P5: 46290.124 | Q5: Activo | T5: C002301 | U5: FILTRO DE ACEITE 6 CILINDROS MB 1318/1218/1215/914/712/1418/915/815 - MANN HU931/5X | V5: 1 | W5: 8513.28 | X5: 8513.28 | Y5: =VLOOKUP(A5,[1]Detalle!$D$2:$CR$484,93,FALSE) -> CMQ_TTE - QUILMES TTE
A6: AF338VO | B6: 2MC | C6: 2MC | D6: Cambio De Aceite Y Filtro De Motor | E6: - | L6: 51.093037 | N6: 45947 | O6: 20000 | P6: 46338.443 | Q6: Activo | T6: C000313 | U6: ACEITE 15W40 XV300 X 205LT (TAMBOR) | V6: 16 | W6: 3389.9 | X6: 54238.4 | Y6: =VLOOKUP(A6,[1]Detalle!$D$2:$CR$484,93,FALSE) -> CMQ_TTE - QUILMES TTE
A7: AF338VO | B7: 2MC | C7: 2MC | D7: Cambio De Aceite Y Filtro De Motor | E7: - | L7: 51.093037 | N7: 45947 | O7: 20000 | P7: 46338.443 | Q7: Activo | T7: C002301 | U7: FILTRO DE ACEITE 6 CILINDROS MB 1318/1218/1215/914/712/1418/915/815 - MANN HU931/5X | V7: 1 | W7: 8513.28 | X7: 8513.28 | Y7: =VLOOKUP(A7,[1]Detalle!$D$2:$CR$484,93,FALSE) -> CMQ_TTE - QUILMES TTE
A8: AF364MN | B8: 2MC | C8: 2MC | D8: Cambio De Aceite Y Filtro De Motor | E8: 45461 | F8: 38855.1 | G8: 58855.1 | H8: 22989.9 | I8: -2989.9 | J8: 61845 | K8: 486 | L8: 45.422519 | M8: -63.205642 | N8: 45947 | O8: 20000 | P8: 46387.31 | Q8: Activo | T8: C000313 | U8: ACEITE 15W40 XV300 X 205LT (TAMBOR) | V8: 16 | W8: 3389.9 | X8: 54238.4 | Y8: =VLOOKUP(A8,[1]Detalle!$D$2:$CR$484,93,FALSE) -> CMQ_TTE - QUILMES TTE
A9: AF364MN | B9: 2MC | C9: 2MC | D9: Cambio De Aceite Y Filtro De Motor | E9: 45461 | F9: 38855.1 | G9: 58855.1 | H9: 22989.9 | I9: -2989.9 | J9: 61845 | K9: 486 | L9: 45.422519 | M9: -63.205642 | N9: 45947 | O9: 20000 | P9: 46387.31 | Q9: Activo | T9: C002301 | U9: FILTRO DE ACEITE 6 CILINDROS MB 1318/1218/1215/914/712/1418/915/815 - MANN HU931/5X | V9: 1 | W9: 8513.28 | X9: 8513.28 | Y9: =VLOOKUP(A9,[1]Detalle!$D$2:$CR$484,93,FALSE) -> CMQ_TTE - QUILMES TTE
A10: AF877NC | B10: 2MC | C10: 2MC | D10: Cambio De Aceite Y Filtro De Motor | E10: 45822 | F10: 71797 | G10: 91797 | H10: 0 | I10: 20000 | J10: 71797 | K10: 125 | L10: 4.7505769 | M10: 200 | N10: 45947 | O10: 20000 | P10: 46147 | Q10: Activo | T10: C000313 | U10: ACEITE 15W40 XV300 X 205LT (TAMBOR) | V10: 16 | W10: 3389.9 | X10: 54238.4 | Y10: =VLOOKUP(A10,[1]Detalle!$D$2:$CR$484,93,FALSE) -> CENCO_MZ - Cencosud SA - Mendoza
A11: AF877NC | B11: 2MC | C11: 2MC | D11: Cambio De Aceite Y Filtro De Motor | E11: 45822 | F11: 71797 | G11: 91797 | H11: 0 | I11: 20000 | J11: 71797 | K11: 125 | L11: 4.7505769 | M11: 200 | N11: 45947 | O11: 20000 | P11: 46147 | Q11: Activo | T11: C002301 | U11: FILTRO DE ACEITE 6 CILINDROS MB 1318/1218/1215/914/712/1418/915/815 - MANN HU931/5X | V11: 1 | W11: 8513.28 | X11: 8513.28 | Y11: =VLOOKUP(A11,[1]Detalle!$D$2:$CR$484,93,FALSE) -> CENCO_MZ - Cencosud SA - Mendoza
A12: AG390QD | B12: 2MC | C12: 2MC | D12: Cambio De Aceite Y Filtro De Motor | E12: 45727 | F12: 15836.3 | G12: 35836.3 | H12: 8775.7 | I12: 11224.3 | J12: 24612 | K12: 220 | L12: 36.572848 | M12: 281.3845 | N12: 45947 | O12: 20000 | P12: 46228.385 | Q12: Activo | T12: C000313 | U12: ACEITE 15W40 XV300 X 205LT (TAMBOR) | V12: 16 | W12: 3389.9 | X12: 54238.4 | Y12: =VLOOKUP(A12,[1]Detalle!$D$2:$CR$484,93,FALSE) -> CCUDyAZA
A13: AG390QD | B13: 2MC | C13: 2MC | D13: Cambio De Aceite Y Filtro De Motor | E13: 45727 | F13: 15836.3 | G13: 35836.3 | H13: 8775.7 | I13: 11224.3 | J13: 24612 | K13: 220 | L13: 36.572848 | M13: 281.3845 | N13: 45947 | O13: 20000 | P13: 46228.385 | Q13: Activo | T13: C002301 | U13: FILTRO DE ACEITE 6 CILINDROS MB 1318/1218/1215/914/712/1418/915/815 - MANN HU931/5X | V13: 1 | W13: 8513.28 | X13: 8513.28 | Y13: =VLOOKUP(A13,[1]Detalle!$D$2:$CR$484,93,FALSE) -> CCUDyAZA
A14: AG404LX | B14: 2MC | C14: 2MC | D14: Cambio De Aceite Y Filtro De Motor | E14: 45728 | F14: 16579.5 | G14: 36579.5 | H14: 8515.2 | I14: 11484.8 | J14: 25094.7 | K14: 219 | L14: 35.248013 | M14: 295.3743 | N14: 45947 | O14: 20000 | P14: 46242.374 | Q14: Activo | T14: C000313 | U14: ACEITE 15W40 XV300 X 205LT (TAMBOR) | V14: 16 | W14: 3389.9 | X14: 54238.4 | Y14: =VLOOKUP(A14,[1]Detalle!$D$2:$CR$484,93,FALSE) -> CCUDyAZA
A15: AG404LX | B15: 2MC | C15: 2MC | D15: Cambio De Aceite Y Filtro De Motor | E15: 45728 | F15: 16579.5 | G15: 36579.5 | H15: 8515.2 | I15: 11484.8 | J15: 25094.7 | K15: 219 | L15: 35.248013 | M15: 295.3743 | N15: 45947 | O15: 20000 | P15: 46242.374 | Q15: Activo | T15: C002301 | U15: FILTRO DE ACEITE 6 CILINDROS MB 1318/1218/1215/914/712/1418/915/815 - MANN HU931/5X | V15: 1 | W15: 8513.28 | X15: 8513.28 | Y15: =VLOOKUP(A15,[1]Detalle!$D$2:$CR$484,93,FALSE) -> CCUDyAZA
A16: BVH267 | B16: 2MC | C16: 2MC | D16: Cambio De Aceite Y Filtro De Motor | E16: 45530 | F16: 297464 | G16: 317464 | H16: 23030.17 | I16: -3030.17 | J16: 320494.17 | K16: 417 | L16: 48.15737 | M16: -54.866329 | N16: 45947 | O16: 20000 | P16: 46362.305 | Q16: Activo | T16: C000313 | U16: ACEITE 15W40 XV300 X 205LT (TAMBOR) | V16: 16 | W16: 3389.9 | X16: 54238.4 | Y16: =VLOOKUP(A16,[1]Detalle!$D$2:$CR$484,93,FALSE) -> Unilever - Unilever de Arg. S.A.
A17: BVH267 | B17: 2MC | C17: 2MC | D17: Cambio De Aceite Y Filtro De Motor | E17: 45530 | F17: 297464 | G17: 317464 | H17: 23030.17 | I17: -3030.17 | J17: 320494.17 | K17: 417 | L17: 48.15737 | M17: -54.866329 | N17: 45947 | O17: 20000 | P17: 46362.305 | Q17: Activo | T17: C002301 | U17: FILTRO DE ACEITE 6 CILINDROS MB 1318/1218/1215/914/712/1418/915/815 - MANN HU931/5X | V17: 1 | W17: 8513.28 | X17: 8513.28 | Y17: =VLOOKUP(A17,[1]Detalle!$D$2:$CR$484,93,FALSE) -> Unilever - Unilever de Arg. S.A.
A18: CVF923 | B18: 2MC | C18: 2MC | D18: Cambio De Aceite Y Filtro De Motor | E18: 45798 | F18: 32992.1 | G18: 52992.1 | H18: 9749.3 | I18: 10250.7 | J18: 42741.4 | K18: 149 | L18: 52.850396 | M18: 156.66297 | N18: 45947 | O18: 20000 | P18: 46103.663 | Q18: Activo | T18: C000313 | U18: ACEITE 15W40 XV300 X 205LT (TAMBOR) | V18: 16 | W18: 3389.9 | X18: 54238.4 | Y18: =VLOOKUP(A18,[1]Detalle!$D$2:$CR$484,93,FALSE) -> JOHNSON - SC JOHNSON DE ARGENTINA SAIC
A19: CVF923 | B19: 2MC | C19: 2MC | D19: Cambio De Aceite Y Filtro De Motor | E19: 45798 | F19: 32992.1 | G19: 52992.1 | H19: 9749.3 | I19: 10250.7 | J19: 42741.4 | K19: 149 | L19: 52.850396 | M19: 156.66297 | N19: 45947 | O19: 20000 | P19: 46103.663 | Q19: Activo | T19: C002301 | U19: FILTRO DE ACEITE 6 CILINDROS MB 1318/1218/1215/914/712/1418/915/815 - MANN HU931/5X | V19: 1 | W19: 8513.28 | X19: 8513.28 | Y19: =VLOOKUP(A19,[1]Detalle!$D$2:$CR$484,93,FALSE) -> JOHNSON - SC JOHNSON DE ARGENTINA SAIC
... A91: KGM735 | B91: 3MC | C91: 3MC | D91: Cambio De Filtro Gas Oíl Y Trampa De Agua | E91: 45898 | F91: 279340 | G91: 299340 | H91: 2584.2 | I91: 17415.8 | J91: 281924.2 | K91: 49 | L91: 86.131808 | M91: 330.22761 | N91: 45947 | O91: 20000 | P91: 46277.228 | Q91: Activo | T91: C003103 | U91: FILTRO TRAMPA DE AGUA - WIX (WF 10288) | V91: 1 | W91: 19410.24 | X91: 19410.24 | Y91: =VLOOKUP(A91,[1]Detalle!$D$2:$CR$484,93,FALSE) -> Arcor S.A.I.C.
A92: AF338VO | B92: 3MC | C92: 3MC | D92: Cambio De Filtro Gas Oíl Y Trampa De Agua | E92: - | L92: 51.093037 | N92: 45947 | O92: 20000 | P92: 46338.443 | Q92: Activo | T92: C001031 | U92: FILTRO DE COMBUSTIBLE MANN PU1046/1X | V92: 1 | W92: 10535.04 | X92: 10535.04 | Y92: =VLOOKUP(A92,[1]Detalle!$D$2:$CR$484,93,FALSE) -> CMQ_TTE - QUILMES TTE
A93: AF338VO | B93: 3MC | C93: 3MC | D93: Cambio De Filtro Gas Oíl Y Trampa De Agua | E93: - | L93: 51.093037 | N93: 45947 | O93: 20000 | P93: 46338.443 | Q93: Activo | T93: C003103 | U93: FILTRO TRAMPA DE AGUA - WIX (WF 10288) | V93: 1 | W93: 19410.24 | X93: 19410.24 | Y93: =VLOOKUP(A93,[1]Detalle!$D$2:$CR$484,93,FALSE) -> CMQ_TTE - QUILMES TTE
A94: AF364MN | B94: 3MC | C94: 3MC | D94: Cambio De Filtro Gas Oíl Y Trampa De Agua | E94: 45461 | F94: 38855.1 | G94: 58855.1 | H94: 22989.9 | I94: -2989.9 | J94: 61845 | K94: 486 | L94: 45.422519 | M94: -63.205642 | N94: 45947 | O94: 20000 | P94: 46387.31 | Q94: Activo | T94: C001031 | U94: FILTRO DE COMBUSTIBLE MANN PU1046/1X | V94: 1 | W94: 10535.04 | X94: 10535.04 | Y94: =VLOOKUP(A94,[1]Detalle!$D$2:$CR$484,93,FALSE) -> CMQ_TTE - QUILMES TTE
A95: AF364MN | B95: 3MC | C95: 3MC | D95: Cambio De Filtro Gas Oíl Y Trampa De Agua | E95: 45461 | F95: 38855.1 | G95: 58855.1 | H95: 22989.9 | I95: -2989.9 | J95: 61845 | K95: 486 | L95: 45.422519 | M95: -63.205642 | N95: 45947 | O95: 20000 | P95: 46387.31 | Q95: Activo | T95: C003103 | U95: FILTRO TRAMPA DE AGUA - WIX (WF 10288) | V95: 1 | W95: 19410.24 | X95: 19410.24 | Y95: =VLOOKUP(A95,[1]Detalle!$D$2:$CR$484,93,FALSE) -> CMQ_TTE - QUILMES TTE
A96: GDR526 | B96: 3MC | C96: 3MC | D96: Cambio De Filtro Gas Oíl Y Trampa De Agua | E96: 45882 | F96: 289935 | G96: 309935 | H96: 2579.9 | I96: 17420.1 | J96: 292514.9 | K96: 65 | L96: 56.324627 | M96: 438.8955 | N96: 45947 | O96: 20000 | P96: 46385.895 | Q96: Activo | T96: C001031 | U96: FILTRO DE COMBUSTIBLE MANN PU1046/1X | V96: 1 | W96: 10535.04 | X96: 10535.04 | Y96: =VLOOKUP(A96,[1]Detalle!$D$2:$CR$484,93,FALSE) -> Alfavinil SA
A97: GDR526 | B97: 3MC | C97: 3MC | D97: Cambio De Filtro Gas Oíl Y Trampa De Agua | E97: 45882 | F97: 289935 | G97: 309935 | H97: 2579.9 | I97: 17420.1 | J97: 292514.9 | K97: 65 | L97: 56.324627 | M97: 438.8955 | N97: 45947 | O97: 20000 | P97: 46385.895 | Q97: Activo | T97: C003103 | U97: FILTRO TRAMPA DE AGUA - WIX (WF 10288) | V97: 1 | W97: 19410.24 | X97: 19410.24 | Y97: =VLOOKUP(A97,[1]Detalle!$D$2:$CR$484,93,FALSE) -> Alfavinil SA
A98: AF518DM | B98: 3MC | C98: 3MC | D98: Cambio De Filtro Gas Oíl Y Trampa De Agua | E98: 45545 | F98: 42714.2 | G98: 62714.2 | H98: 21856.56 | I98: -1856.56 | J98: 64570.76 | K98: 402 | L98: 53.502481 | M98: -34.147053 | N98: 45947 | O98: 20000 | P98: 46320.814 | Q98: Activo | T98: C001031 | U98: FILTRO DE COMBUSTIBLE MANN PU1046/1X | V98: 1 | W98: 10535.04 | X98: 10535.04 | Y98: =VLOOKUP(A98,[1]Detalle!$D$2:$CR$484,93,FALSE) -> CMQ_TTE - QUILMES TTE
A99: AF518DM | B99: 3MC | C99: 3MC | D99: Cambio De Filtro Gas Oíl Y Trampa De Agua | E99: 45545 | F99: 42714.2 | G99: 62714.2 | H99: 21856.56 | I99: -1856.56 | J99: 64570.76 | K99: 402 | L99: 53.502481 | M99: -34.147053 | N99: 45947 | O99: 20000 | P99: 46320.814 | Q99: Activo | T99: C003103 | U99: FILTRO TRAMPA DE AGUA - WIX (WF 10288) | V99: 1 | W99: 19410.24 | X99: 19410.24 | Y99: =VLOOKUP(A99,[1]Detalle!$D$2:$CR$484,93,FALSE) -> CMQ_TTE - QUILMES TTE
A100: GEB769 | B100: 3MC | C100: 3MC | D100: Cambio De Filtro Gas Oíl Y Trampa De Agua | E100: 45546 | F100: 235609 | G100: 255609 | H100: 21825.48 | I100: -1825.48 | J100: 257434.48 | K100: 401 | L100: 61.857388 | M100: -33.539582 | N100: 45947 | O100: 20000 | P100: 46270.324 | Q100: Activo | T100: C001031 | U100: FILTRO DE COMBUSTIBLE MANN PU1046/1X | V100: 1 | W100: 10535.04 | X100: 10535.04 | Y100: =VLOOKUP(A100,[1]Detalle!$D$2:$CR$484,93,FALSE) -> Topacio
A101: GEB769 | B101: 3MC | C101: 3MC | D101: Cambio De Filtro Gas Oíl Y Trampa De Agua | E101: 45546 | F101: 235609 | G101: 255609 | H101: 21825.48 | I101: -1825.48 | J101: 257434.48 | K101: 401 | L101: 61.857388 | M101: -33.539582 | N101: 45947 | O101: 20000 | P101: 46270.324 | Q101: Activo | T101: C003103 | U101: FILTRO TRAMPA DE AGUA - WIX (WF 10288) | V101: 1 | W101: 19410.24 | X101: 19410.24 | Y101: =VLOOKUP(A101,[1]Detalle!$D$2:$CR$484,93,FALSE) -> Topacio
A102: GKK500 | B102: 3MC | C102: 3MC | D102: Cambio De Filtro Gas Oíl Y Trampa De Agua | E102: 45840 | F102: 40688 | G102: 60688 | H102: 18559.9 | I102: 1440.1 | J102: 59247.9 | K102: 107 | L102: 129.25862 | M102: 8.3023454 | N102: 45947 | O102: 20000 | P102: 46110.031 | Q102: Activo | T102: C001031 | U102: FILTRO DE COMBUSTIBLE MANN PU1046/1X | V102: 1 | W102: 10535.04 | X102: 10535.04 | Y102: =VLOOKUP(A102,[1]Detalle!$D$2:$CR$484,93,FALSE) -> SUC_MEN - Sucursal Mendoza
A103: GKK500 | B103: 3MC | C103: 3MC | D103: Cambio De Filtro Gas Oíl Y Trampa De Agua | E103: 45840 | F103: 40688 | G103: 60688 | H103: 18559.9 | I103: 1440.1 | J103: 59247.9 | K103: 107 | L103: 129.25862 | M103: 8.3023454 | N103: 45947 | O103: 20000 | P103: 46110.031 | Q103: Activo | T103: C003103 | U103: FILTRO TRAMPA DE AGUA - WIX (WF 10288) | V103: 1 | W103: 19410.24 | X103: 19410.24 | Y103: =VLOOKUP(A103,[1]Detalle!$D$2:$CR$484,93,FALSE) -> SUC_MEN - Sucursal Mendoza
A104: GLT551 | B104: 3MC | C104: 3MC | D104: Cambio De Filtro Gas Oíl Y Trampa De Agua | E104: 45745 | F104: 484970 | G104: 504970 | H104: 6360.2 | I104: 13639.8 | J104: 491330.2 | K104: 202 | L104: 30.732695 | M104: 433.20015 | N104: 45947 | O104: 20000 | P104: 46380.2 | Q104: Activo | T104: C001031 | U104: FILTRO DE COMBUSTIBLE MANN PU1046/1X | V104: 1 | W104: 10535.04 | X104: 10535.04 | Y104: =VLOOKUP(A104,[1]Detalle!$D$2:$CR$484,93,FALSE) -> CCU_MZA - Comp. Cerv. Unidas - MZA
A105: GLT551 | B105: 3MC | C105: 3MC | D105: Cambio De Filtro Gas Oíl Y Trampa De Agua | E105: 45745 | F105: 484970 | G105: 504970 | H105: 6360.2 | I105: 13639.8 | J105: 491330.2 | K105: 202 | L105: 30.732695 | M105: 433.20015 | N105: 45947 | O105: 20000 | P105: 46380.2 | Q105: Activo | T105: C003103 | U105: FILTRO TRAMPA DE AGUA - WIX (WF 10288) | V105: 1 | W105: 19410.24 | X105: 19410.24 | Y105: =VLOOKUP(A105,[1]Detalle!$D$2:$CR$484,93,FALSE) -> CCU_MZA - Comp. Cerv. Unidas - MZA
... A163: AF642OT | B163: 3MC | C163: 3MC | D163: Cambio De Filtro Gas Oíl Y Trampa De Agua | E163: 45702 | F163: 44127.9 | G163: 64127.9 | H163: 9317.4 | I163: 10682.6 | J163: 53445.3 | K163: 245 | L163: 40.395368 | M163: 280.89778 | N163: 45947 | O163: 20000 | P163: 46227.898 | Q163: Activo | T163: C003103 | U163: FILTRO TRAMPA DE AGUA - WIX (WF 10288) | V163: 1 | W163: 19410.24 | X163: 19410.24 | Y163: =VLOOKUP(A163,[1]Detalle!$D$2:$CR$484,93,FALSE) -> CCU_MZA - Comp. Cerv. Unidas - MZA
A164: AE243WV | B164: 3MC | C164: 3MC | D164: Cambio De Filtro Gas Oíl Y Trampa De Agua | E164: 45848 | F164: 697850 | G164: 717850 | H164: 28773 | I164: -8773 | J164: 726623 | K164: 99 | L164: 365 | M164: -30.185486 | N164: 45947 | O164: 20000 | P164: 46056.589 | Q164: Activo | R164: 46056.589 | S164: 46111.384 | T164: C001031 | U164: FILTRO DE COMBUSTIBLE MANN PU1046/1X | V164: 1 | W164: 10535.04 | X164: 10535.04 | Y164: =VLOOKUP(A164,[1]Detalle!$D$2:$CR$484,93,FALSE) -> CENCOMLD - Cencosud SA - Mendoza
A165: AE243WV | B165: 3MC | C165: 3MC | D165: Cambio De Filtro Gas Oíl Y Trampa De Agua | E165: 45848 | F165: 697850 | G165: 717850 | H165: 28773 | I165: -8773 | J165: 726623 | K165: 99 | L165: 365 | M165: -30.185486 | N165: 45947 | O165: 20000 | P165: 46056.589 | Q165: Activo | R165: 46056.589 | S165: 46111.384 | T165: C003103 | U165: FILTRO TRAMPA DE AGUA - WIX (WF 10288) | V165: 1 | W165: 19410.24 | X165: 19410.24 | Y165: =VLOOKUP(A165,[1]Detalle!$D$2:$CR$484,93,FALSE) -> CENCOMLD - Cencosud SA - Mendoza
A166: NIE150 | B166: 3MC | C166: 3MC | D166: Cambio De Filtro Gas Oíl Y Trampa De Agua | E166: 45763 | F166: 435565 | G166: 455565 | H166: 16726.9 | I166: 3273.1 | J166: 452291.9 | K166: 184 | L166: 76.021812 | M166: 36.004902 | N166: 45947 | O166: 20000 | P166: 46246.087 | Q166: Activo | T166: C001031 | U166: FILTRO DE COMBUSTIBLE MANN PU1046/1X | V166: 1 | W166: 10535.04 | X166: 10535.04 | Y166: =VLOOKUP(A166,[1]Detalle!$D$2:$CR$484,93,FALSE) -> Papelera - Papelera del Plata S.A.
A167: NIE150 | B167: 3MC | C167: 3MC | D167: Cambio De Filtro Gas Oíl Y Trampa De Agua | E167: 45763 | F167: 435565 | G167: 455565 | H167: 16726.9 | I167: 3273.1 | J167: 452291.9 | K167: 184 | L167: 76.021812 | M167: 36.004902 | N167: 45947 | O167: 20000 | P167: 46246.087 | Q167: Activo | T167: C003103 | U167: FILTRO TRAMPA DE AGUA - WIX (WF 10288) | V167: 1 | W167: 19410.24 | X167: 19410.24 | Y167: =VLOOKUP(A167,[1]Detalle!$D$2:$CR$484,93,FALSE) -> Papelera - Papelera del Plata S.A.
A168: GJC632 | B168: 3MC | C168: 3MC | D168: Cambio De Filtro Gas Oíl Y Trampa De Agua | E168: 45763 | F168: 255203 | G168: 275203 | H168: 12233.5 | I168: 7766.5 | J168: 267436.5 | K168: 184 | L168: 57.024097 | M168: 116.81334 | N168: 45947 | O168: 20000 | P168: 46063.813 | Q168: Activo | T168: C001031 | U168: FILTRO DE COMBUSTIBLE MANN PU1046/1X | V168: 1 | W168: 10535.04 | X168: 10535.04 | Y168: =VLOOKUP(A168,[1]Detalle!$D$2:$CR$484,93,FALSE) -> Topacio
A169: GJC632 | B169: 3MC | C169: 3MC | D169: Cambio De Filtro Gas Oíl Y Trampa De Agua | E169: 45763 | F169: 255203 | G169: 275203 | H169: 12233.5 | I169: 7766.5 | J169: 267436.5 | K169: 184 | L169: 57.024097 | M169: 116.81334 | N169: 45947 | O169: 20000 | P169: 46063.813 | Q169: Activo | T169: C003103 | U169: FILTRO TRAMPA DE AGUA - WIX (WF 10288) | V169: 1 | W169: 19410.24 | X169: 19410.24 | Y169: =VLOOKUP(A169,[1]Detalle!$D$2:$CR$484,93,FALSE) -> Topacio
A170: HRJ002 | B170: 2MC | C170: 2MC | D170: Cambio De Aceite Y Filtro De Motor | E170: 45889 | F170: 62545.1 | G170: 82545.1 | H170: 3570.9 | I170: 16429.1 | J170: 66116 | K170: 58 | L170: 124.40651 | M170: 266.84808 | N170: 45947 | O170: 20000 | P170: 46213.848 | Q170: Activo | T170: C000313 | U170: ACEITE 15W40 XV300 X 205LT (TAMBOR) | V170: 16 | W170: 3389.9 | X170: 54238.4 | Y170: =VLOOKUP(A170,[1]Detalle!$D$2:$CR$484,93,FALSE) -> SUC_REA - Sucursal Realicó
A171: HRJ002 | B171: 2MC | C171: 2MC | D171: Cambio De Aceite Y Filtro De Motor | E171: 45889 | F171: 62545.1 | G171: 82545.1 | H171: 3570.9 | I171: 16429.1 | J171: 66116 | K171: 58 | L171: 124.40651 | M171: 266.84808 | N171: 45947 | O171: 20000 | P171: 46213.848 | Q171: Activo | T171: C002301 | U171: FILTRO DE ACEITE 6 CILINDROS MB 1318/1218/1215/914/712/1418/915/815 - MANN HU931/5X | V171: 1 | W171: 8513.28 | X171: 8513.28 | Y171: =VLOOKUP(A171,[1]Detalle!$D$2:$CR$484,93,FALSE) -> SUC_REA - Sucursal Realicó
A172: IVD940 | B172: 3MC | C172: 3MC | D172: Cambio De Filtro Gas Oíl Y Trampa De Agua | E172: 45742 | F172: 283696 | G172: 303696 | H172: 7346 | I172: 12654 | J172: 291042 | K172: 205 | L172: 34.247774 | M172: 353.12687 | N172: 45947 | O172: 20000 | P172: 46300.127 | Q172: Activo | T172: C001031 | U172: FILTRO DE COMBUSTIBLE MANN PU1046/1X | V172: 1 | W172: 10535.04 | X172: 10535.04 | Y172: =VLOOKUP(A172,[1]Detalle!$D$2:$CR$484,93,FALSE) -> CCUCoAZA
A173: IVD940 | B173: 3MC | C173: 3MC | D173: Cambio De Filtro Gas Oíl Y Trampa De Agua | E173: 45742 | F173: 283696 | G173: 303696 | H173: 7346 | I173: 12654 | J173: 291042 | K173: 205 | L173: 34.247774 | M173: 353.12687 | N173: 45947 | O173: 20000 | P173: 46300.127 | Q173: Activo | T173: C003103 | U173: FILTRO TRAMPA DE AGUA - WIX (WF 10288) | V173: 1 | W173: 19410.24 | X173: 19410.24 | Y173: =VLOOKUP(A173,[1]Detalle!$D$2:$CR$484,93,FALSE) -> CCUCoAZA
A174: IVD941 | B174: 3MC | C174: 3MC | D174: Cambio De Filtro Gas Oíl Y Trampa De Agua | E174: 45842 | F174: 227732 | G174: 247732 | H174: 5333.9 | I174: 14666.1 | J174: 233065.9 | K174: 105 | L174: 40.479774 | M174: 288.70817 | N174: 45947 | O174: 20000 | P174: 46235.708 | Q174: Activo | T174: C001031 | U174: FILTRO DE COMBUSTIBLE MANN PU1046/1X | V174: 1 | W174: 10535.04 | X174: 10535.04 | Y174: =VLOOKUP(A174,[1]Detalle!$D$2:$CR$484,93,FALSE) -> CCUCoAZA
A175: IVD941 | B175: 3MC | C175: 3MC | D175: Cambio De Filtro Gas Oíl Y Trampa De Agua | E175: 45842 | F175: 227732 | G175: 247732 | H175: 5333.9 | I175: 14666.1 | J175: 233065.9 | K175: 105 | L175: 40.479774 | M175: 288.70817 | N175: 45947 | O175: 20000 | P175: 46235.708 | Q175: Activo | T175: C003103 | U175: FILTRO TRAMPA DE AGUA - WIX (WF 10288) | V175: 1 | W175: 19410.24 | X175: 19410.24 | Y175: =VLOOKUP(A175,[1]Detalle!$D$2:$CR$484,93,FALSE) -> CCUCoAZA
A176: GYB034 | B176: 3MC | C176: 3MC | D176: Cambio De Filtro Gas Oíl Y Trampa De Agua | E176: 45378 | F176: 202420 | G176: 222420 | H176: 36588.56 | I176: -16588.56 | J176: 239008.56 | K176: 569 | L176: 69.022379 | M176: -257.97382 | N176: 45947 | O176: 20000 | P176: 46236.761 | Q176: Activo | T176: C001031 | U176: FILTRO DE COMBUSTIBLE MANN PU1046/1X | V176: 1 | W176: 10535.04 | X176: 10535.04 | Y176: =VLOOKUP(A176,[1]Detalle!$D$2:$CR$484,93,FALSE) -> SUC_MEN - Sucursal Mendoza
A177: GYB034 | B177: 3MC | C177: 3MC | D177: Cambio De Filtro Gas Oíl Y Trampa De Agua | E177: 45378 | F177: 202420 | G177: 222420 | H177: 36588.56 | I177: -16588.56 | J177: 239008.56 | K177: 569 | L177: 69.022379 | M177: -257.97382 | N177: 45947 | O177: 20000 | P177: 46236.761 | Q177: Activo | T177: C003103 | U177: FILTRO TRAMPA DE AGUA - WIX (WF 10288) | V177: 1 | W177: 19410.24 | X177: 19410.24 | Y177: =VLOOKUP(A177,[1]Detalle!$D$2:$CR$484,93,FALSE) -> SUC_MEN - Sucursal Mendoza
... A227: OJG065 | B227: 3MC | C227: 3MC | D227: Cambio De Filtro Gas Oíl Y Trampa De Agua | E227: 45859 | F227: 117765 | G227: 137765 | H227: 3374.7 | I227: 16625.3 | J227: 121139.7 | K227: 88 | L227: 35.038355 | M227: 433.52784 | N227: 45947 | O227: 20000 | P227: 46380.528 | Q227: Activo | T227: C003103 | U227: FILTRO TRAMPA DE AGUA - WIX (WF 10288) | V227: 1 | W227: 19410.24 | X227: 19410.24 | Y227: =VLOOKUP(A227,[1]Detalle!$D$2:$CR$484,93,FALSE) -> CCUDyAZA
A228: OJG098 | B228: 3MC | C228: 3MC | D228: Cambio De Filtro Gas Oíl Y Trampa De Agua | E228: - | F228: 292381 | G228: 312381 | H228: 7939.1 | I228: 12060.9 | J228: 300320.1 | K228: 222 | L228: 30.400742 | M228: 337.25735 | N228: 45947 | O228: 20000 | P228: 46284.257 | Q228: Activo | T228: C001031 | U228: FILTRO DE COMBUSTIBLE MANN PU1046/1X | V228: 1 | W228: 10535.04 | X228: 10535.04 | Y228: =VLOOKUP(A228,[1]Detalle!$D$2:$CR$484,93,FALSE) -> CCUDyAZA
A229: OJG098 | B229: 3MC | C229: 3MC | D229: Cambio De Filtro Gas Oíl Y Trampa De Agua | E229: - | F229: 292381 | G229: 312381 | H229: 7939.1 | I229: 12060.9 | J229: 300320.1 | K229: 222 | L229: 30.400742 | M229: 337.25735 | N229: 45947 | O229: 20000 | P229: 46284.257 | Q229: Activo | T229: C003103 | U229: FILTRO TRAMPA DE AGUA - WIX (WF 10288) | V229: 1 | W229: 19410.24 | X229: 19410.24 | Y229: =VLOOKUP(A229,[1]Detalle!$D$2:$CR$484,93,FALSE) -> CCUDyAZA
A230: PLU468 | B230: 3MC | C230: 3MC | D230: Cambio De Filtro Gas Oíl Y Trampa De Agua | E230: 45723 | F230: 11627.1 | G230: 31627.1 | H230: 18411.3 | I230: 1588.7 | J230: 30038.4 | K230: 224 | L230: 66.921503 | M230: 19.328825 | N230: 45947 | O230: 20000 | P230: 46265.186 | Q230: Activo | T230: C001031 | U230: FILTRO DE COMBUSTIBLE MANN PU1046/1X | V230: 1 | W230: 10535.04 | X230: 10535.04 | Y230: =VLOOKUP(A230,[1]Detalle!$D$2:$CR$484,93,FALSE) -> JOHNSON - SC JOHNSON DE ARGENTINA SAIC
A231: PLU468 | B231: 3MC | C231: 3MC | D231: Cambio De Filtro Gas Oíl Y Trampa De Agua | E231: 45723 | F231: 11627.1 | G231: 31627.1 | H231: 18411.3 | I231: 1588.7 | J231: 30038.4 | K231: 224 | L231: 66.921503 | M231: 19.328825 | N231: 45947 | O231: 20000 | P231: 46265.186 | Q231: Activo | T231: C003103 | U231: FILTRO TRAMPA DE AGUA - WIX (WF 10288) | V231: 1 | W231: 19410.24 | X231: 19410.24 | Y231: =VLOOKUP(A231,[1]Detalle!$D$2:$CR$484,93,FALSE) -> JOHNSON - SC JOHNSON DE ARGENTINA SAIC
A232: PLU469 | B232: 3MC | C232: 3MC | D232: Cambio De Filtro Gas Oíl Y Trampa De Agua | E232: 45736 | F232: 126999 | G232: 146999 | H232: 6493.4 | I232: 13506.6 | J232: 133492.4 | K232: 211 | L232: 29.333408 | M232: 438.89066 | N232: 45947 | O232: 20000 | P232: 46385.891 | Q232: Activo | T232: C001031 | U232: FILTRO DE COMBUSTIBLE MANN PU1046/1X | V232: 1 | W232: 10535.04 | X232: 10535.04 | Y232: =VLOOKUP(A232,[1]Detalle!$D$2:$CR$484,93,FALSE) -> CCUDyAZA
A233: PLU469 | B233: 3MC | C233: 3MC | D233: Cambio De Filtro Gas Oíl Y Trampa De Agua | E233: 45736 | F233: 126999 | G233: 146999 | H233: 6493.4 | I233: 13506.6 | J233: 133492.4 | K233: 211 | L233: 29.333408 | M233: 438.89066 | N233: 45947 | O233: 20000 | P233: 46385.891 | Q233: Activo | T233: C003103 | U233: FILTRO TRAMPA DE AGUA - WIX (WF 10288) | V233: 1 | W233: 19410.24 | X233: 19410.24 | Y233: =VLOOKUP(A233,[1]Detalle!$D$2:$CR$484,93,FALSE) -> CCUDyAZA
A234: BVH267 | B234: 3MC | C234: 3MC | D234: Cambio De Filtro Gas Oíl Y Trampa De Agua | E234: 45531 | F234: 297633 | G234: 317633 | H234: 22900.17 | I234: -2900.17 | J234: 320533.17 | K234: 416 | L234: 48.15737 | M234: -52.68392 | N234: 45947 | O234: 20000 | P234: 46362.305 | Q234: Activo | T234: C001031 | U234: FILTRO DE COMBUSTIBLE MANN PU1046/1X | V234: 1 | W234: 10535.04 | X234: 10535.04 | Y234: =VLOOKUP(A234,[1]Detalle!$D$2:$CR$484,93,FALSE) -> Unilever - Unilever de Arg. S.A.
A235: BVH267 | B235: 3MC | C235: 3MC | D235: Cambio De Filtro Gas Oíl Y Trampa De Agua | E235: 45531 | F235: 297633 | G235: 317633 | H235: 22900.17 | I235: -2900.17 | J235: 320533.17 | K235: 416 | L235: 48.15737 | M235: -52.68392 | N235: 45947 | O235: 20000 | P235: 46362.305 | Q235: Activo | T235: C003103 | U235: FILTRO TRAMPA DE AGUA - WIX (WF 10288) | V235: 1 | W235: 19410.24 | X235: 19410.24 | Y235: =VLOOKUP(A235,[1]Detalle!$D$2:$CR$484,93,FALSE) -> Unilever - Unilever de Arg. S.A.
A236: GOR390 | B236: 3MC | C236: 3MC | D236: Cambio De Filtro Gas Oíl Y Trampa De Agua | E236: 45831 | F236: 511084 | G236: 531084 | H236: 8073.1 | I236: 11926.9 | J236: 519157.1 | K236: 116 | L236: 57.28373 | M236: 171.37412 | N236: 45947 | O236: 20000 | P236: 46118.374 | Q236: Activo | T236: C001031 | U236: FILTRO DE COMBUSTIBLE MANN PU1046/1X | V236: 1 | W236: 10535.04 | X236: 10535.04 | Y236: =VLOOKUP(A236,[1]Detalle!$D$2:$CR$484,93,FALSE) -> Unilever - Unilever de Arg. S.A.
A237: GOR390 | B237: 3MC | C237: 3MC | D237: Cambio De Filtro Gas Oíl Y Trampa De Agua | E237: 45831 | F237: 511084 | G237: 531084 | H237: 8073.1 | I237: 11926.9 | J237: 519157.1 | K237: 116 | L237: 57.28373 | M237: 171.37412 | N237: 45947 | O237: 20000 | P237: 46118.374 | Q237: Activo | T237: C003103 | U237: FILTRO TRAMPA DE AGUA - WIX (WF 10288) | V237: 1 | W237: 19410.24 | X237: 19410.24 | Y237: =VLOOKUP(A237,[1]Detalle!$D$2:$CR$484,93,FALSE) -> Unilever - Unilever de Arg. S.A.
A238: LTS288 | B238: 3MC | C238: 3MC | D238: Cambio De Filtro Gas Oíl Y Trampa De Agua | E238: 45817 | F238: 1015308 | G238: 1035308 | H238: 35709.5 | I238: -15709.5 | J238: 1051017.5 | K238: 130 | L238: 455.32846 | M238: -57.190243 | N238: 45947 | O238: 20000 | P238: 46034.849 | Q238: Activo | T238: C001031 | U238: FILTRO DE COMBUSTIBLE MANN PU1046/1X | V238: 1 | W238: 10535.04 | X238: 10535.04 | Y238: =VLOOKUP(A238,[1]Detalle!$D$2:$CR$484,93,FALSE) -> CENCOMLD - Cencosud SA - Mendoza
A239: LTS288 | B239: 3MC | C239: 3MC | D239: Cambio De Filtro Gas Oíl Y Trampa De Agua | E239: 45817 | F239: 1015308 | G239: 1035308 | H239: 35709.5 | I239: -15709.5 | J239: 1051017.5 | K239: 130 | L239: 455.32846 | M239: -57.190243 | N239: 45947 | O239: 20000 | P239: 46034.849 | Q239: Activo | T239: C003103 | U239: FILTRO TRAMPA DE AGUA - WIX (WF 10288) | V239: 1 | W239: 19410.24 | X239: 19410.24 | Y239: =VLOOKUP(A239,[1]Detalle!$D$2:$CR$484,93,FALSE) -> CENCOMLD - Cencosud SA - Mendoza
A240: LRN157 | B240: 3MC | C240: 3MC | D240: Cambio De Filtro Gas Oíl Y Trampa De Agua | E240: 45797 | F240: 991392 | G240: 1011392 | H240: 42888.2 | I240: -22888.2 | J240: 1034280.2 | K240: 150 | L240: 263.69237 | M240: -80.05069 | N240: 45947 | O240: 20000 | P240: 46098.692 | Q240: Activo | T240: C001031 | U240: FILTRO DE COMBUSTIBLE MANN PU1046/1X | V240: 1 | W240: 10535.04 | X240: 10535.04 | Y240: =VLOOKUP(A240,[1]Detalle!$D$2:$CR$484,93,FALSE) -> CENCOMLD - Cencosud SA - Mendoza
A241: LRN157 | B241: 3MC | C241: 3MC | D241: Cambio De Filtro Gas Oíl Y Trampa De Agua | E241: 45797 | F241: 991392 | G241: 1011392 | H241: 42888.2 | I241: -22888.2 | J241: 1034280.2 | K241: 150 | L241: 263.69237 | M241: -80.05069 | N241: 45947 | O241: 20000 | P241: 46098.692 | Q241: Activo | T241: C003103 | U241: FILTRO TRAMPA DE AGUA - WIX (WF 10288) | V241: 1 | W241: 19410.24 | X241: 19410.24 | Y241: =VLOOKUP(A241,[1]Detalle!$D$2:$CR$484,93,FALSE) -> CENCOMLD - Cencosud SA - Mendoza
A242: OZH811 | B242: 3MC | C242: 3MC | D242: Cambio De Filtro Gas Oíl Y Trampa De Agua | E242: - | L242: 169.51838 | N242: 45947 | O242: 20000 | P242: 46064.981 | Q242: Activo | T242: C001031 | U242: FILTRO DE COMBUSTIBLE MANN PU1046/1X | V242: 1 | W242: 10535.04 | X242: 10535.04 | Y242: =VLOOKUP(A242,[1]Detalle!$D$2:$CR$484,93,FALSE) -> CENCO_MZ - Cencosud SA - Mendoza
A243: OZH811 | B243: 3MC | C243: 3MC | D243: Cambio De Filtro Gas Oíl Y Trampa De Agua | E243: - | L243: 169.51838 | N243: 45947 | O243: 20000 | P243: 46064.981 | Q243: Activo | T243: C003103 | U243: FILTRO TRAMPA DE AGUA - WIX (WF 10288) | V243: 1 | W243: 19410.24 | X243: 19410.24 | Y243: =VLOOKUP(A243,[1]Detalle!$D$2:$CR$484,93,FALSE) -> CENCO_MZ - Cencosud SA - Mendoza
A244: MYR537 | B244: 3MC | C244: 3MC | D244: Cambio De Filtro Gas Oíl Y Trampa De Agua | E244: 45790 | F244: 804435 | G244: 824435 | H244: 23771.1 | I244: -3771.1 | J244: 828206.1 | K244: 157 | L244: 518.64529 | M244: -24.906828 | N244: 45947 | O244: 20000 | P244: 46024.124 | Q244: Activo | T244: C001031 | U244: FILTRO DE COMBUSTIBLE MANN PU1046/1X | V244: 1 | W244: 10535.04 | X244: 10535.04 | Y244: =VLOOKUP(A244,[1]Detalle!$D$2:$CR$484,93,FALSE) -> CENCOMLD - Cencosud SA - Mendoza
A245: MYR537 | B245: 3MC | C245: 3MC | D245: Cambio De Filtro Gas Oíl Y Trampa De Agua | E245: 45790 | F245: 804435 | G245: 824435 | H245: 23771.1 | I245: -3771.1 | J245: 828206.1 | K245: 157 | L245: 518.64529 | M245: -24.906828 | N245: 45947 | O245: 20000 | P245: 46024.124 | Q245: Activo | T245: C003103 | U245: FILTRO TRAMPA DE AGUA - WIX (WF 10288) | V245: 1 | W245: 19410.24 | X245: 19410.24 | Y245: =VLOOKUP(A245,[1]Detalle!$D$2:$CR$484,93,FALSE) -> CENCOMLD - Cencosud SA - Mendoza
A246: GUW657 | B246: 3MC | C246: 3MC | D246: Cambio De Filtro Gas Oíl Y Trampa De Agua | E246: 45748 | F246: 10362 | G246: 30362 | H246: 12667.1 | I246: 7332.9 | J246: 23029.1 | K246: 199 | L246: 53.990801 | M246: 115.19978 | N246: 45947 | O246: 20000 | P246: 46062.2 | Q246: Activo | T246: C001031 | U246: FILTRO DE COMBUSTIBLE MANN PU1046/1X | V246: 1 | W246: 10535.04 | X246: 10535.04 | Y246: =VLOOKUP(A246,[1]Detalle!$D$2:$CR$484,93,FALSE) -> CENCO_SJ - Cencosud SA - San Juan
A247: GUW657 | B247: 3MC | C247: 3MC | D247: Cambio De Filtro Gas Oíl Y Trampa De Agua | E247: 45748 | F247: 10362 | G247: 30362 | H247: 12667.1 | I247: 7332.9 | J247: 23029.1 | K247: 199 | L247: 53.990801 | M247: 115.19978 | N247: 45947 | O247: 20000 | P247: 46062.2 | Q247: Activo | T247: C003103 | U247: FILTRO TRAMPA DE AGUA - WIX (WF 10288) | V247: 1 | W247: 19410.24 | X247: 19410.24 | Y247: =VLOOKUP(A247,[1]Detalle!$D$2:$CR$484,93,FALSE) -> CENCO_SJ - Cencosud SA - San Juan
A248: NIE146 | B248: 3MC | C248: 3MC | D248: Cambio De Filtro Gas Oíl Y Trampa De Agua | E248: 45587 | F248: 502203 | G248: 522203 | H248: 14467.7 | I248: 5532.3 | J248: 516670.7 | K248: 360 | L248: 33.863782 | M248: 137.66031 | N248: 45947 | O248: 20000 | P248: 46084.66 | Q248: Activo | T248: C001031 | U248: FILTRO DE COMBUSTIBLE MANN PU1046/1X | V248: 1 | W248: 10535.04 | X248: 10535.04 | Y248: =VLOOKUP(A248,[1]Detalle!$D$2:$CR$484,93,FALSE) -> CMQ_TTE - QUILMES TTE
A249: NIE146 | B249: 3MC | C249: 3MC | D249: Cambio De Filtro Gas Oíl Y Trampa De Agua | E249: 45587 | F249: 502203 | G249: 522203 | H249: 14467.7 | I249: 5532.3 | J249: 516670.7 | K249: 360 | L249: 33.863782 | M249: 137.66031 | N249: 45947 | O249: 20000 | P249: 46084.66 | Q249: Activo | T249: C003103 | U249: FILTRO TRAMPA DE AGUA - WIX (WF 10288) | V249: 1 | W249: 19410.24 | X249: 19410.24 | Y249: =VLOOKUP(A249,[1]Detalle!$D$2:$CR$484,93,FALSE) -> CMQ_TTE - QUILMES TTE
A250: GOX956 | B250: 3MC | C250: 3MC | D250: Cambio De Filtro Gas Oíl Y Trampa De Agua | E250: 45862 | F250: 808028 | G250: 828028 | H250: 7209.8 | I250: 12790.2 | J250: 815237.8 | K250: 85 | L250: 100.27773 | M250: 150.79017 | N250: 45947 | O250: 20000 | P250: 46097.79 | Q250: Activo | T250: C001031 | U250: FILTRO DE COMBUSTIBLE MANN PU1046/1X | V250: 1 | W250: 10535.04 | X250: 10535.04 | Y250: =VLOOKUP(A250,[1]Detalle!$D$2:$CR$484,93,FALSE) -> Unilever - Unilever de Arg. S.A.
A251: GOX956 | B251: 3MC | C251: 3MC | D251: Cambio De Filtro Gas Oíl Y Trampa De Agua | E251: 45862 | F251: 808028 | G251: 828028 | H251: 7209.8 | I251: 12790.2 | J251: 815237.8 | K251: 85 | L251: 100.27773 | M251: 150.79017 | N251: 45947 | O251: 20000 | P251: 46097.79 | Q251: Activo | T251: C003103 | U251: FILTRO TRAMPA DE AGUA - WIX (WF 10288) | V251: 1 | W251: 19410.24 | X251: 19410.24 | Y251: =VLOOKUP(A251,[1]Detalle!$D$2:$CR$484,93,FALSE) -> Unilever - Unilever de Arg. S.A.
A252: NIE147 | B252: 3MC | C252: 3MC | D252: Cambio De Filtro Gas Oíl Y Trampa De Agua | E252: 45811 | F252: 309592 | G252: 329592 | H252: 5644.8 | I252: 14355.2 | J252: 315236.8 | K252: 136 | L252: 34.715948 | M252: 345.85941 | N252: 45947 | O252: 20000 | P252: 46292.859 | Q252: Activo | T252: C001031 | U252: FILTRO DE COMBUSTIBLE MANN PU1046/1X | V252: 1 | W252: 10535.04 | X252: 10535.04 | Y252: =VLOOKUP(A252,[1]Detalle!$D$2:$CR$484,93,FALSE) -> CMQ_TTE - QUILMES TTE
A253: NIE147 | B253: 3MC | C253: 3MC | D253: Cambio De Filtro Gas Oíl Y Trampa De Agua | E253: 45811 | F253: 309592 | G253: 329592 | H253: 5644.8 | I253: 14355.2 | J253: 315236.8 | K253: 136 | L253: 34.715948 | M253: 345.85941 | N253: 45947 | O253: 20000 | P253: 46292.859 | Q253: Activo | T253: C003103 | U253: FILTRO TRAMPA DE AGUA - WIX (WF 10288) | V253: 1 | W253: 19410.24 | X253: 19410.24 | Y253: =VLOOKUP(A253,[1]Detalle!$D$2:$CR$484,93,FALSE) -> CMQ_TTE - QUILMES TTE
A254: GTE287 | B254: 3MC | C254: 3MC | D254: Cambio De Filtro Gas Oíl Y Trampa De Agua | E254: 45870 | F254: 24799.1 | G254: 44799.1 | H254: 3627.4 | I254: 16372.6 | J254: 28426.5 | K254: 77 | L254: 131.93916 | M254: 347.54651 | N254: 45947 | O254: 20000 | P254: 46294.547 | Q254: Activo | T254: C001031 | U254: FILTRO DE COMBUSTIBLE MANN PU1046/1X | V254: 1 | W254: 10535.04 | X254: 10535.04 | Y254: =VLOOKUP(A254,[1]Detalle!$D$2:$CR$484,93,FALSE) -> Unilever - Unilever de Arg. S.A.
A255: GTE287 | B255: 3MC | C255: 3MC | D255: Cambio De Filtro Gas Oíl Y Trampa De Agua | E255: 45870 | F255: 24799.1 | G255: 44799.1 | H255: 3627.4 | I255: 16372.6 | J255: 28426.5 | K255: 77 | L255: 131.93916 | M255: 347.54651 | N255: 45947 | O255: 20000 | P255: 46294.547 | Q255: Activo | T255: C003103 | U255: FILTRO TRAMPA DE AGUA - WIX (WF 10288) | V255: 1 | W255: 19410.24 | X255: 19410.24 | Y255: =VLOOKUP(A255,[1]Detalle!$D$2:$CR$484,93,FALSE) -> Unilever - Unilever de Arg. S.A.
... A290: AD426IJ | B290: 7ML | C290: 7ML | D290: Cambiar Filtro Secante (APU) | E290: 45609 | F290: 697704 | G290: 797704 | H290: 91593.2 | I290: 8406.8 | J290: 789297.2 | K290: 338 | L290: 276.97443 | M290: 31.023028 | N290: 45947 | O290: 100000 | P290: 46339.067 | Q290: Activo | T290: C004784 | U290: FILTRO DE AIRE APU - MANN TB1394/16X | V290: 1 | W290: 39053.76 | X290: 39053.76 | Y290: =VLOOKUP(A290,[1]Detalle!$D$2:$CR$484,93,FALSE) -> ADA_CH - Danone Arg. S.A. - Chascomus
A291: AD426IF | B291: 7ML | C291: 7ML | D291: Cambiar Filtro Secante (APU) | E291: - | F291: 845528 | G291: 945528 | H291: 33411.7 | I291: 66588.3 | J291: 878939.7 | K291: 93 | L291: 323.35573 | M291: 185.34561 | N291: 45947 | O291: 100000 | P291: 46132.346 | Q291: Activo | T291: C004784 | U291: FILTRO DE AIRE APU - MANN TB1394/16X | V291: 1 | W291: 39053.76 | X291: 39053.76 | Y291: =VLOOKUP(A291,[1]Detalle!$D$2:$CR$484,93,FALSE) -> ADA_CH - Danone Arg. S.A. - Chascomus
A292: AD426IH | B292: 7ML | C292: 7ML | D292: Cambiar Filtro Secante (APU) | E292: 45367 | F292: 630082 | G292: 730082 | H292: 163148.68 | I292: -63148.68 | J292: 793230.68 | K292: 580 | L292: 303.34772 | M292: -224.49605 | N292: 45947 | O292: 100000 | P292: 46276.655 | Q292: Activo | T292: C004784 | U292: FILTRO DE AIRE APU - MANN TB1394/16X | V292: 1 | W292: 39053.76 | X292: 39053.76 | Y292: =VLOOKUP(A292,[1]Detalle!$D$2:$CR$484,93,FALSE) -> ADA_CH - Danone Arg. S.A. - Chascomus
A293: AD426HU | B293: 7ML | C293: 7ML | D293: Cambiar Filtro Secante (APU) | E293: - | F293: 619692 | G293: 719692 | H293: 133762.51 | I293: -33762.51 | J293: 753454.51 | K293: 422 | L293: 306.85592 | M293: -106.51549 | N293: 45947 | O293: 100000 | P293: 46272.886 | Q293: Activo | T293: C004784 | U293: FILTRO DE AIRE APU - MANN TB1394/16X | V293: 1 | W293: 39053.76 | X293: 39053.76 | Y293: =VLOOKUP(A293,[1]Detalle!$D$2:$CR$484,93,FALSE) -> ADA_CH - Danone Arg. S.A. - Chascomus
A294: AD426HV | B294: 7ML | C294: 7ML | D294: Cambiar Filtro Secante (APU) | E294: 45835 | F294: 743648 | G294: 843648 | H294: 30763.1 | I294: 69236.9 | J294: 774411.1 | K294: 112 | L294: 282.6187 | M294: 252.07254 | N294: 45947 | O294: 100000 | P294: 46199.073 | Q294: Activo | T294: C004784 | U294: FILTRO DE AIRE APU - MANN TB1394/16X | V294: 1 | W294: 39053.76 | X294: 39053.76 | Y294: =VLOOKUP(A294,[1]Detalle!$D$2:$CR$484,93,FALSE) -> ADA_CH - Danone Arg. S.A. - Chascomus
A295: AD426HX | B295: 7ML | C295: 7ML | D295: Cambiar Filtro Secante (APU) | E295: 45262 | F295: 666084 | G295: 766084 | H295: 206192.14 | I295: -106192.14 | J295: 872276.14 | K295: 685 | L295: 352.51015 | M295: -352.78559 | N295: 45947 | O295: 100000 | P295: 46230.68 | Q295: Activo | T295: C004784 | U295: FILTRO DE AIRE APU - MANN TB1394/16X | V295: 1 | W295: 39053.76 | X295: 39053.76 | Y295: =VLOOKUP(A295,[1]Detalle!$D$2:$CR$484,93,FALSE) -> ADA_CH - Danone Arg. S.A. - Chascomus
A296: AF114FZ | B296: 7ML | C296: 7ML | D296: Cambiar Filtro Secante (APU) | E296: 45360 | F296: 299224 | G296: 399224 | H296: 159486.35 | I296: -59486.35 | J296: 458710.35 | K296: 587 | L296: 273.98137 | M296: -218.94342 | N296: 45947 | O296: 100000 | P296: 46311.988 | Q296: Activo | T296: C004784 | U296: FILTRO DE AIRE APU - MANN TB1394/16X | V296: 1 | W296: 39053.76 | X296: 39053.76 | Y296: =VLOOKUP(A296,[1]Detalle!$D$2:$CR$484,93,FALSE) -> ADA_CH - Danone Arg. S.A. - Chascomus
A297: AF118QC | B297: 7ML | C297: 7ML | D297: Cambiar Filtro Secante (APU) | E297: 45791 | F297: 334226 | G297: 434226 | H297: 32671.5 | I297: 67328.5 | J297: 366897.5 | K297: 156 | L297: 236.21863 | M297: 321.48037 | N297: 45947 | O297: 100000 | P297: 46268.48 | Q297: Activo | T297: C004784 | U297: FILTRO DE AIRE APU - MANN TB1394/16X | V297: 1 | W297: 39053.76 | X297: 39053.76 | Y297: =VLOOKUP(A297,[1]Detalle!$D$2:$CR$484,93,FALSE) -> CENCOMLD - Cencosud SA - Mendoza
A298: AF148MS | B298: 7ML | C298: 7ML | D298: Cambiar Filtro Secante (APU) | E298: - | F298: 376144 | G298: 476144 | H298: 28758.9 | I298: 71241.1 | J298: 404902.9 | K298: 93 | L298: 328.18794 | M298: 230.37815 | N298: 45947 | O298: 100000 | P298: 46177.378 | Q298: Activo | T298: C004784 | U298: FILTRO DE AIRE APU - MANN TB1394/16X | V298: 1 | W298: 39053.76 | X298: 39053.76 | Y298: =VLOOKUP(A298,[1]Detalle!$D$2:$CR$484,93,FALSE) -> CENCOMLD - Cencosud SA - Mendoza
A299: OAF641 | B299: 7ML | C299: 7ML | D299: Cambiar Filtro Secante (APU) | E299: 45751 | F299: 1754429 | G299: 1854429 | H299: 71583.5 | I299: 28416.5 | J299: 1826012.5 | K299: 196 | L299: 2480.5703 | M299: 77.806115 | N299: 45947 | O299: 100000 | P299: 46024.806 | Q299: Activo | T299: C004784 | U299: FILTRO DE AIRE APU - MANN TB1394/16X | V299: 1 | W299: 39053.76 | X299: 39053.76 | Y299: =VLOOKUP(A299,[1]Detalle!$D$2:$CR$484,93,FALSE) -> Expreso - Servicios Troncales
A300: OAF642 | B300: 7ML | C300: 7ML | D300: Cambiar Filtro Secante (APU) | E300: 45672 | F300: 1602290 | G300: 1702290 | H300: 104731.61 | I300: -4731.61 | J300: 1707021.6 | K300: 275 | L300: 411.92982 | M300: -12.424069 | N300: 45947 | O300: 100000 | P300: 46189.76 | Q300: Activo | T300: C004784 | U300: FILTRO DE AIRE APU - MANN TB1394/16X | V300: 1 | W300: 39053.76 | X300: 39053.76 | Y300: =VLOOKUP(A300,[1]Detalle!$D$2:$CR$484,93,FALSE) -> Expreso - Servicios Troncales
A301: OAF644 | B301: 7ML | C301: 7ML | D301: Cambiar Filtro Secante (APU) | E301: 45586 | F301: 1453240 | G301: 1553240 | H301: 660324.7 | I301: -560324.7 | J301: 2113564.7 | K301: 361 | L301: 2328.6221 | M301: -306.32993 | N301: 45947 | O301: 100000 | P301: 46032.888 | Q301: Activo | R301: 46032.888 | T301: C004784 | U301: FILTRO DE AIRE APU - MANN TB1394/16X | V301: 1 | W301: 39053.76 | X301: 39053.76 | Y301: =VLOOKUP(A301,[1]Detalle!$D$2:$CR$484,93,FALSE) -> Expreso - Servicios Troncales
A302: OJG103 | B302: 7ML | C302: 7ML | D302: Cambiar Filtro Secante (APU) | E302: 45747 | F302: 1676095 | G302: 1776095 | H302: 81766.4 | I302: 18233.6 | J302: 1757861.4 | K302: 200 | L302: 1736.2686 | M302: 44.599249 | N302: 45947 | O302: 100000 | P302: 46049.194 | Q302: Activo | T302: C004784 | U302: FILTRO DE AIRE APU - MANN TB1394/16X | V302: 1 | W302: 39053.76 | X302: 39053.76 | Y302: =VLOOKUP(A302,[1]Detalle!$D$2:$CR$484,93,FALSE) -> Expreso - Servicios Troncales
A303: AE700VN | B303: 7ML | C303: 7ML | D303: Cambiar Filtro Secante (APU) | E303: 45618 | F303: 582311 | G303: 682311 | H303: 115326.61 | I303: -15326.61 | J303: 697637.61 | K303: 329 | L303: 382.02856 | M303: -43.723254 | N303: 45947 | O303: 100000 | P303: 46208.761 | Q303: Activo | T303: C004784 | U303: FILTRO DE AIRE APU - MANN TB1394/16X | V303: 1 | W303: 39053.76 | X303: 39053.76 | Y303: =VLOOKUP(A303,[1]Detalle!$D$2:$CR$484,93,FALSE) -> Expreso - Servicios Troncales
A304: AE700VS | B304: 7ML | C304: 7ML | D304: Cambiar Filtro Secante (APU) | E304: 45581 | F304: 562665 | G304: 662665 | H304: 134797.73 | I304: -34797.73 | J304: 697462.73 | K304: 366 | L304: 381.04202 | M304: -94.482075 | N304: 45947 | O304: 100000 | P304: 46209.438 | Q304: Activo | T304: C004784 | U304: FILTRO DE AIRE APU - MANN TB1394/16X | V304: 1 | W304: 39053.76 | X304: 39053.76 | Y304: =VLOOKUP(A304,[1]Detalle!$D$2:$CR$484,93,FALSE) -> Expreso - Servicios Troncales
A305: IDX164 | B305: 7ML | C305: 7ML | D305: Cambiar Filtro Secante (APU) | E305: 45310 | F305: 1778895 | G305: 1878895 | H305: 689383.02 | I305: -589383.02 | J305: 2468278 | K305: 637 | L305: 1849.5505 | M305: -544.59854 | N305: 45947 | O305: 100000 | P305: 46055.134 | Q305: Activo | R305: 46055.134 | T305: C004784 | U305: FILTRO DE AIRE APU - MANN TB1394/16X | V305: 1 | W305: 39053.76 | X305: 39053.76 | Y305: =VLOOKUP(A305,[1]Detalle!$D$2:$CR$484,93,FALSE) -> Expreso - Servicios Troncales
A306: JIU311 | B306: 7ML | C306: 7ML | D306: Cambiar Filtro Secante (APU) | E306: - | F306: 459582 | G306: 559582 | H306: 48012.7 | I306: 51987.3 | J306: 507594.7 | K306: 131 | L306: 303.07748 | M306: 141.84448 | N306: 45947 | O306: 100000 | P306: 46088.844 | Q306: Activo | T306: C004784 | U306: FILTRO DE AIRE APU - MANN TB1394/16X | V306: 1 | W306: 39053.76 | X306: 39053.76 | Y306: =VLOOKUP(A306,[1]Detalle!$D$2:$CR$484,93,FALSE) -> Expreso - Servicios Troncales
A307: KBO542 | B307: 7ML | C307: 7ML | D307: Cambiar Filtro Secante (APU) | E307: 45415 | F307: 1775874.5 | G307: 1875874.5 | H307: 72018.6 | I307: 27981.4 | J307: 1847893.1 | K307: 532 | L307: 155.41623 | M307: 206.69806 | N307: 45947 | O307: 100000 | P307: 46153.698 | Q307: Activo | T307: C004784 | U307: FILTRO DE AIRE APU - MANN TB1394/16X | V307: 1 | W307: 39053.76 | X307: 39053.76 | Y307: =VLOOKUP(A307,[1]Detalle!$D$2:$CR$484,93,FALSE) -> SUC_CTC - Sucursal Buenos Aires
A308: KUF605 | B308: 7ML | C308: 7ML | D308: Cambiar Filtro Secante (APU) | E308: 45538 | F308: 760893 | G308: 860893 | H308: 104865.07 | I308: -4865.07 | J308: 865758.07 | K308: 409 | L308: 232.68261 | M308: -18.97499 | N308: 45947 | O308: 100000 | P308: 46376.77 | Q308: Activo | T308: C004784 | U308: FILTRO DE AIRE APU - MANN TB1394/16X | V308: 1 | W308: 39053.76 | X308: 39053.76 | Y308: =VLOOKUP(A308,[1]Detalle!$D$2:$CR$484,93,FALSE) -> Expreso - Servicios Troncales
A309: KUF606 | B309: 7ML | C309: 7ML | D309: Cambiar Filtro Secante (APU) | E309: 45572 | F309: 1716080 | G309: 1816080 | H309: 94190.6 | I309: 5809.4 | J309: 1810270.6 | K309: 375 | L309: 259.71718 | M309: 23.1289 | N309: 45947 | O309: 100000 | P309: 46355.163 | Q309: Activo | T309: C004784 | U309: FILTRO DE AIRE APU - MANN TB1394/16X | V309: 1 | W309: 39053.76 | X309: 39053.76 | Y309: =VLOOKUP(A309,[1]Detalle!$D$2:$CR$484,93,FALSE) -> Expreso - Servicios Troncales
A310: LFK336 | B310: 7ML | C310: 7ML | D310: Cambiar Filtro Secante (APU) | E310: 45889 | F310: 1836513 | G310: 1936513 | H310: 14116.4 | I310: 85883.6 | J310: 1850629.4 | K310: 58 | L310: 332.55743 | M310: 352.86963 | N310: 45947 | O310: 100000 | P310: 46299.87 | Q310: Activo | T310: C004784 | U310: FILTRO DE AIRE APU - MANN TB1394/16X | V310: 1 | W310: 39053.76 | X310: 39053.76 | Y310: =VLOOKUP(A310,[1]Detalle!$D$2:$CR$484,93,FALSE) -> Expreso - Servicios Troncales
A311: LFK338 | B311: 7ML | C311: 7ML | D311: Cambiar Filtro Secante (APU) | E311: 45769 | F311: 1851506 | G311: 1951506 | H311: 60536.3 | I311: 39463.7 | J311: 1912042.3 | K311: 178 | L311: 1720.7674 | M311: 116.03845 | N311: 45947 | O311: 100000 | P311: 46063.038 | Q311: Activo | T311: C004784 | U311: FILTRO DE AIRE APU - MANN TB1394/16X | V311: 1 | W311: 39053.76 | X311: 39053.76 | Y311: =VLOOKUP(A311,[1]Detalle!$D$2:$CR$484,93,FALSE) -> Expreso - Servicios Troncales
...
